barcode,name,price
001,TATRA,3500
002,la mild,20000
900,sampurna,19000
010,magikom,900000
90,JEKA,10000
8,78,978787
100,NOKIA HP,100000
200,LAPTOP ASUS,10000
300,MOUSE RAPPO,8000
0900,ROKOK LA MILD PACK,72000
8991906101019,DJARUM 12,20200
8991906151014,DJARUM 12 SLOP,202000
8994096211582,KOREK INDOMARET,5500
8999909424999,MILD MERAH 16 SLOP,257000
8999909096004,MILD MERAH 16,25700
7616400001573,MALBORO MERAH 20 SLOP,335000
76164217,MALBORO MERAH ,33500
7623900001033,MALBORO P,335000
76239878,MALBORO PUTIH 20,33500
8999909000193,MALBORO BLACK M 20 SLOP,235000
95508788,MALBORO BLACK M 20,23500
8998127811178,NEO MILD 16,11000
8998989400084,GG MILD 16 SLOP,242500
8998989300087,GG MILD ,24250
8994214110124,DIPLOMAT 12,19650
8994214459452,DIPLOMAT 12 SLOP,196000
8999909009820,AVOLUTION MERAH SLOP,213000
89990766,AVOLUTION MERAH,21300
8999909001657,AVOLUTION BIRU SLOP,213000
89990100,AVOLUTION BIRU,21300
8998127127132,SEJATI 12,12200
8991906151175,BLACK CAPPUCINO SLOP,246000
8991906101170,BLACK CAPPUCINO,24600
8991906101255,BLACK MENTHOL,18400
8991906151250,BLACK MENTHOL SLOP,182000
8991906151120,-BLACK,246000
8998866200851,SEDAP BASO CUP,4200
8991906151076,LA MENTHOL 16 SLOP,246000
8991906101071,LA MENTHOL 16,24600
8991906151052,LA MERAH 16 SLO,246000
8991906101057,LA MERAH,24600
8991906151106,LA ICE slop,246000
8991906101101,LA BIRU 16,24600
8991906151311,BLACK MILd,197000
8991906101316,BLACK MILD ,19700
7623900001057,MALBORO MENTHOL SLOP,219500
76239625,MALBORO MENTHOL,22000
8993989311668,CLASS MILD 16 SLOP,228000
8993989311699,CLASMILD 16,22800
8995078803177,U MILD SLOP,204000
8995078803078,U MIL,20500
8998127311173,STAR MILD,19800
8991906151021,DJARUM 16 SLop,257000
8991906101026,DJARUM 16,25700
8994214954643,WISMILAK K SLOp,133000
8994214115129,WISMILAK K,13500
8998989100120,GGF ,20300
8998989810012,GGF 12 SLOP,405000
8999909085114,SAMPOERNA K,12700
8999909830233,SAMPOERNA K SLOP,107000
8999909172234,DJI SAM SOE 12 SLOP,274000
8999909028234,DJI SAM SOE 12,17400
8999909000049,DJI SAM SOE BARU 12 SLOP,249000
8999909000032,DJI SAM SOE BARU 12,13600
8998127514123,DUNHILL PTH 20,20700
8998989811026,SURYA 16 SLOP,257000
8998989110167,SURYA 16,25700
8999909073999,MILD HIJAU 16 SLOP,185000
8999909076006,MILD HIJAU 16,18800
8999909000919,MAGNUM F SLOP,191000
8999909001909,MAGNUM F ,19100
8994729200129,APACHE 16 SLOP,170000
8994729100122,APACHE 16,17000
8994729200242,APACHE 12 SLOP,136500
8994729100245,APACHE 12,13800
8998989811019,SURYA 12 SLOP,203000
8998989110129,SURYA 12,20300
8998989400152,SIGNATURE 12 SLOP,183000
8998989300155,SIGNATURE ,18300
8998989300148,SURYA EKSKLUSIF 12,13250
8998989400145,SURYA EKSKLUSIF 12 SLOP,132500
8991906151731,CLAVO 12 SLOP,114000
8991906101736,CLAVO 12,11500
8999909038899,DJI SAM SOE REFILL 12 ,186000
8999909028999,DJI SAM SOE REFILL 12,18600
8991906101729,DJARUM 76 16,18100
8999090501028,SUKUN F 16,19900
8999090502025,SUKUN F 16 SLOP,199000
8991906151663,DJARUM 76 12 SLOP,128000
8991906101668,DJARUM 76 12,12800
8998989300070,SURYA EKSKLUSIF 16,27200
8998989400077,SURYA EKSKLUSIF 16 SLOP,272000
8999090502049,SUKUN P 16 SLop,188000
8999090501042,SUKUN P 16,18800
8999909005860,DJI SAM SOE 16 SLOP,234000
8999909010567,DJI SAM SOE 16,23400
8999909004672,SAMPOERNA PASS,7300
8999909004726,SAMPOERNA PASS SLOP,73000
8998127721132,BINTANG BUANA K,11000
8991906151304,DJARUM 76 F 12 SLOp,191000
8991906101309,DJARUM 76 F 12  ,19100
8998127712130,BINTANG BUANA F,14200
8998989850049,GGK 12 ,133000
8998989500128,GGK 12,13300
8998989502122,GG DJAYA 12,12000
8998989850223,GG DJAYA SLOP,120000
8994214984947,DIPLOMAT MILD 16,18700
8991906151687,CLAVO K SLOP,131000
8991906101682,CLAVO K 12,13100
8999090102034,SUKUK K 1,97500
8999090101037,SUKUN K 12,9800
8998989400190,GG GOLD 12 SLOP,88500
8998989300193,GG GOLD 12,8850
8994729500199,APACHE K 20 SLOP,140500
8994729400192,APACHE K 20,15200
8998989812115,SURYA PROF 16 SLOP,237000
8998989121163,SURYA PROF 16,23700
8994796121211,AROMA K 12 SLOP,110000
8994796121259,AROMA K 12,11000
8994729500175,APACHE K 12 SLOP,91000
8994729400178,APACHE K 12,9100
8999908000705,BODREXIN DOS,4500
8999999406943,SUPER PELL 800 K,17000
8999999406929,SUPER PELL 800 H,17000
8999908000200,BODREX 20,8000
8992702000018,INDOMILK KLG P,10000
8992753100101,BENDERA KLG GOLD,17250
8994094000058,DIARY KLG B,11000
8992753102204,BENDERA KLG C,12000
8998009011627,SAPI KLG C,8500
8998009011047,SAPI KLG P,8500
8992753101207,BENDERA KLG P,12000
8994537001017,PERMEN JAHE,6000
8993082071506,RITA BULAT,5500
089686061024,POP MINI,3000
8991818080068,SAMBAL ULEG,12500
8999999002312,CITRA SABUN,1800
8999999023980,CITRA SABUN,1800
8999999036690,LUX SABUN,4250
8999999036706,LUX SABUN,2950
8999999031107,LUX SABUN,4250
8992946521416,SHINZUI SABUN,4400
8992946521409,SHINZUI SABUN,4400
8998866602563,NUVO SABUN,2650
8998866602549,NUVO SABUN,2650
8998866602556,NUVO SABUN,2650
8999999021962,LIFBOUY SABUN,2400
8999999004972,LIFBUOY SABUN,2400
8999999021979,LIFBUOY SABUN,2400
8999999021986,LIFBUOY SABUN,2400
8990011998897,SABUN TAWON,7750
8993560024017,DETTOL SABUN,5000
8993560024178,DETTOL SABUN,5000
8993560024031,DETTOL SABUN,5000
8998866608305,GIV SABUN,2650
8998866608602,GIV SABUN,2650
8998866609142,GIV SABUN,2650
8999999027896,LIFBUOY SABUN,2400
8998103000534,CUSSON BABY SABUN,4500
8888103200013,CUSSON BABY SABUN,4500
8999999021993,LIFBUOY SABUN,2400
8993560024215,DETTOL SABUN,5000
7640129890040,ASEPSO SABUN,7750
4809010740212,SABUN PAPAYA,20000
8993005116024,JF SULFUR,11500
8993379200886,HARMONY SABUN,2250
8998866603676,FRESH SABUN,1500
8992946519994,SAHARA SABUN,1500
8992946526558,ACTIVE SABUN,1500
8993379121204,MEDICARE SABUN,3000
8992946526541,ACTIVE SABUN,1500
8993379256043,MEDICARE SABUN,2100
8993379260798,MEDICARE SABUN,2750
8993379260804,MEDICARE SABUN,2200
8992946519987,SAHARA SABUN,1500
089686405163,SAOS CHICKEN,4500
8992858658217,ENTROSTOP ,13750
8992858664713,PROMAG,22500
8998898856125,ALANG SARI,6000
8993058000653,EXTRAJOSS,5000
8998898830125,KUKUBIMA ENERGY,6500
8998898829129,KUKUBIMA ENERGY,5500
8999908045805,HEM JRENG,8500
8998898845129,KUKU BIMA KOPI,5000
8991102800020,KIRANTI DTNG BLN,6000
8999908000101,REUMACHYL,9500
8995179100724,SALICYL GAJAH,8500
8991906101125,BLACk,24600
8996200900016,HEROCYN BEDAK 75GR,10500
8997009230038,SALICYL BEDAK,4500
8992003170403,ANTANGIN PIL,30000
8992803658712,PLACENTA 600ML,19000
8992803658507,PLACENTA 600ML,17500
8998989100502,GG KALENG,75000
8992759515466,NICE TISSU 120,6500
9556001008596,MILO 150GR,13000
9556001975904,NESTLE 120GR,8250
9556001978400,NESTLE 120GR,8250
8999099920462,SGM 1 400GR,35500
9415007003588,BONETO COKLAT 350GR,35500
9415007009818,anline gold,40000
9415007027584,ANLENE  ACTIFIT 100GR,14000
8886029101049,ULTRAFLU,2800
8998667100947,INZANA,1250
8998667100084,KONIDIN,2500
8997014050058,ULTRACAP,2750
8999908039101,CONTREXIN,800
8999908039309,OSKADON,2000
8993008235043,POLDANMIG,2850
8998667100732,INZA,2000
8998667100169,NAPACIN,3000
8992112020019,DIATABS,3500
8999908057709,BODREX FLU,2200
8997013070019,PILKITA,2000
8992695100207,PANADOL BIRU,10500
8992695110206,PANADOL M,12500
8992725051219,MYLANTA TAB,8500
8992695160201,PANADOL ANAK,14500
8995858899888,FATIGON,3500
8999999406950,SUPER PELL H 400ML,5000
8998866603393,RAPIKA 450ML,5500
8999809400017,NATURE E,16000
8999999390198,SUNLIGHT 800ML,19000
8997009510055,UC 1000,7000
8992741941327,YUPI SACK,6250
8991102281416,MINTZ,6000
8992775610008,TING-TING,6500
8991002304017,RELAXA,6000
8991115500016,GOLIA,6000
8996001320051,KOPIKO,9000
8990800004563,MENTOS,6000
8991115012021,BIG BABOL SACK,8500
8996001338056,TAMARIN,6000
8886001100855,KISS,5500
8997003110015,DAVOS BIRU,10000
8992695120205,PANADOL H,9000
8886047030130,GULAS,5000
8997878001517,MILKITA SUNDUK SACK,6000
8997013148688,SALEP 88,10000
8999908205506,HEMAVITON STAMINA,5250
8999908210005,HEMAVITON ACTION,5500
8998009020186,BUAVITA 250ML,6500
8992753184002,BENDERA KOTAK 115ML,2700
8992753182008,BENDERA KOTAK 115ML,2700
8992753172207,BENDERA BOTOL190ML,4000
8998009010606,ULTRA KOTAK 125ML,2700
8998009010576,ULTRA KOTAK 250ML,4250
8998009010590,ULTRA KOTAK 125ML,2700
8992696418356,MILO KOTAK 200ML,4000
8992696423084,MILO KOTAK 115ML,2500
8996006142511,TEK KOTAK 250ML,2500
8998899002071,BAY FRESH ORANGE 225ML,13500
8998899002002,BAY FRESH ROSE 225ML,13500
8998899940052,BAY FRESH STRAW 225ML,13500
8998899940106,BAY FRESH GARDEN 320ML,16500
8998898101409,TOLAK ANGIN CAIR,37000
8992772122245,ADEM SARI PAK,47500
8992003782347,ANTANGIN JRG CAIR DUS,34000
8992003782354,ANTANGIN CAIR SC,2600
8998898151411,TOLAK ANGIN ANAK,6750
8998898280401,TOLAK ANGIN FLU SC,18500
8998898280449,TOLAK ANGIN FLU DUS,37000
8993014730129,MADU RASA DUS,10000
8992727000048,LAURIEL MAXI 8,4000
8991102022163,FORMULA SIKAT DUS,38000
8991102020152,FORMULA SIKAT,3000
4891228607012,SHICK,2500
876547895757,BUKU VISION KOTAK,23000
8991389300770,BUKU SIDU,18500
8886007811113,POCI CELUP 25,5500
8886007811410,POCI CELUP 25,5500
8994286130570,DANDANG CELUP,7000
8886007811076,SOSRO CELUP 30,6000
8992936115021,TONG TJI 25,9000
8992936115045,TONG TJI 25 BLACK,6500
8993014730112,MADU RASA SC,1000
8992780030198,2 TANG 25,3800
8991389247037,AMPLOP TG,12000
8992772232128,VEGETA PAK,22000
8992772231015,VEGETA SC,1750
8998866200219,SEGAR DINGIN ,18750
8992772252126,ESQUIS,5000
8992772402125,VEGETA HERBAL PAK,26000
8992772401012,VEGETA HERBAL SC,2250
8992812805190,KOTEK RT,4000
8993189270277,CHARM RT,5000
8992727004480,LAURIEL RT,5500
8998866500357,PROTEX RT,6000
8991977120025,MBK SILVER,32000
8991977110026,MBK SILVER SC,2750
8991977120018,MBK PUTIH DOS,26000
8991977110019,MBK PUTIH SC,2500
8992222050302,GATSBY TISSUE,6500
8992222040075,SPALDING TISSUE,5000
8994066110129,TOP LADY DU,42000
8997016370321,MIRANDA BLUE,10000
8997016370314,MIRANDA BLACK,10000
8997016370390,MIRANDA BROWN,10000
8997016370338,MIRANDA RED,9000
8992858544817,KALPANAX CAIR,5500
8992866110608,BIGEN,16500
8992843100158,BETADINE 15ML,12500
8992843992012,BETADINE KCL,32000
8993218301002,SAKATONIK 100ML,8500
8999338777888,HI TOP 25 ML,12500
8999338136883,HI TOP 15ML,11000
8993417457456,SASHA RED,7750
89991039,SARIDON,3500
8993498210230,ANTIMO TAB,4500
8992870410206,SALONPAS,7500
8993058000929,PUYER BINTANG 7.,8500
8994591007116,TONIKUM BAYER 330ML,26000
8992796033244,VIVA SACK,1750
8993079831601,LASERIN MADU DUS,4250
8992828831527,LASERIN,4500
8993176120080,MINYAK OTOT GELIGA,11000
8996838101007,NELCO 100ML,18000
8993176110142,MINYAK GANDAPURA,7000
8998168003020,DRAGON URUT,13000
8993113011051,OBH COMBI BERDAHAK 100ML,13500
8993113031059,OBH COMBI BATUK 100ML,14000
8992858690200,XONCE,1500
89917015,VITACIMIN,1350
8992765101004,GOAL SILET,15500
8995858189026,MIXAGRIP BATUK,2300
8993058303013,KOMIX KIDS,12000
8999908005205,VIT C IPI,4000
8992807123919,HOME SNOW,10000
8999999708900,MINICO,6000
4902430335386,OLAY CREAM,12000
8992902151015,MALBORO PERFUME,24250
8992832601451,CASABLANCA PUTIH,17000
8992832601444,CASABLANCA HITAM,17000
8992832602144,CASABLANCA MIST,13500
8992832601185,CASABLANCA MIST,13500
8992832602168,CASABLANCA MIST,13500
8992832601208,CASABLANCA MI,13500
8992832601215,CASABLANCA MIST,13000
8999777026370,HANSAPLAST DOS,29500
8997016372653,HERBORIST H,10000
8997016372684,HERBORIST U,10000
8997021870052,FRESH CARE,11250
8997021870090,FRESH CARE,11000
8997021870014,FRESH CARE,11250
8997021870151,FRESH CARE,11250
8995102800448,SAFE CARE,14500
8995201800011,COUNTERPAIN 15GR,23500
8994591010017,CDR,32500
8998866602389,GIV SABUN,2650
8998898831122,KUKUBIMA ENE,5000
8888103203014,CUSSON BABY SHAMPO,7000
8992796011808,VIVA PELEMBAB,7000
8992796045094,VIVA LIQUID,6000
8888103201010,CUSSON BEDAK,4000
8993176812022,GELIGA BALSEM 20GR,8750
8993176120028,LANG BALSEM,8500
8993060100235,BALPIRIK M,6250
8993060100228,BALPIRIK K,6300
8993060100204,BALPIRIK H,5750
8992821100118,ROHTO COLD,16500
8994324300705,KELLY CREAM 15GR,8250
8994324300736,KELLY CREEAM 5GR,5000
8993176110104,GPU 60ML,14750
8993176110111,GPU 30ML,8500
8993176110081,LANG 30ML,10250
8993176110074,LANG 60ML,19750
8994472000014,KAPAK 3ML,5500
8886029511053,ULTRASILINE,8250
8993176120035,LANG BALSEM 10GR,4700
4987176002679,VICK 44 EWASA,6750
4987176004611,VICK 44 ANAK,6750
8995858111010,FATIGON SPIRIT,7000
8998667100206,PARAMEX,2250
8998777110218,DIAPET,2200
8997035563414,POCARI TG,6500
8997025060039,BIG COLA,3000
8992772585026,ADEM SARI CINKU BOTOL,6250
8999225785545,KANNA,7000
8997011064706,MILKUAT MACAN,2200
8997025060091,BIG COLA,3000
8992761147037,FANTA BOTOL,4000
8997035600324,POCARI 2L,19500
8997025060060,BIG COLA,3200
8992388133277,NEW GRENTEA,5000
8992752119104,MIZONE,3200
8995227500292,KAKITIGA KLNG MELON,5500
8992222040136,SPALDING SPRAY,16000
8992222050364,GATSBY SPRAY,17000
8995227500995,KAKI TIGA ANAK,4800
8992832602748,CASABLANCA MIST K,7500
8992832602120,CASABLANCA MIST K,8250
8992832602151,CASABLANCA MIST K,8000
8994573001323,SANGOBION KAPSUL,6500
8993176110067,LANG 120ML,38000
8993176110135,LANG TELON 30ML,8400
8993176803099,TELON LANG 60ML,15500
8993176110098,LANG 15ML,5750
8998009020216,BUAVITA 250ML,6500
8998009020223,BUAVITA 250ML,6500
8992858523218,ENTROSTOP ANAK DOS,13000
8886022830243,BATU ABC KECIL DOS,8500
8999999038960,CLEAR RT 24,9500
4902430563888,PANTENE RT 24,10000
8991002121010,GOOD DAY BOTOL,5500
8999999027735,DOVE RT 24,9750
8999999027025,SUNSILK RT 24,9750
4902430563871,PANTENE RT 24,10000
8999999027032,LIFBUOY RT 24,5000
8999999027018,SUNSILK RT 24,9750
8999999027605,CLEAR RT 24,10000
8999999027001,SUNSILK RT 24,9750
4902430563901,PANTENE RT 24,10000
4902430416023,PANTENE RT 24,9500
4902430428460,REJOICE RT 24,9500
4902430415897,PANTENE RT 24,9500
4902430415767,PANTENE COND RT24,10000
8991115012120,BIG BABOL DOS,28000
8992772586016,ADEM SARI CINKU KLG,6250
8999909000216,MAGNUM BLUE SLOP,155000
8999909000162,MAGNUM BLUE,15500
089686060164,POP MIE SPECIAL,3800
089686060065,POP MIE SPECIAL,3700
4968306479653,KIWI SEMIR BLACK,7250
4987176008718,VICKS BALSEM,16500
8992946519352,SHINZUI LULUR,15000
8998898312188,KUKUBIMA KOMPLIT,1850
8998898311181,TOLAK ANGIN KOMPLIT,3000
8998898310184,PEGAL LINU KOMPLIT,2600
8993417162138,RESIK V 90 ML,8000
8993417162114,RESIK V 90 ML,8000
8997035563544,POCARI BOTOL K,5500
8998899940557,KIWI hitam,15000
8886008101091,AQUA BOTOL BESAR,4500
8992761136178,SPRITE BOTOL B,7500
8996001304426,SLAI OLAI ROL,4500
8992760221028,OREO ROL,7000
8991115040185,HAPPYDENT,12000
8992758111072,MARIE INTERBIST,6500
8886015203115,GOOD TIME,6500
8886015201111,GOOD TIME,6500
8990800014333,MARBELS RENTENG,10500
8996001302026,MALKIST KOTAK,5500
8996001302323,MALKIST ABON KOTAK,6000
8993175537988,PASTA KEJU NABATI,13500
8996001301739,CHEES KRES,3000
749921006226,NUTRISARI,11500
749921010438,NUTRISARI,11500
749921005946,NUTRISARI,11500
749921010483,NUTRISARI,11000
749921006837,NUTRISARI,11500
749921010162,NUTRISARI,11500
749921006158,NUTRISARI,11500
749921006110,NUTRISARI,11500
749921010575,NUTRISARI,11000
8993500019844,MARIMAS,3000
8993500019127,MARIMAS,3250
8993500019936,MARIMAS,3000
8993500019158,MARIMAS,3250
8993500019417,MARIMAS,3000
8993500019974,MARIMAS,3000
8993500019189,MARIMAS,3000
8993500019912,MARIMAS,3250
8993500019103,MARIMAS,3250
8998866200554,TEA jus,3250
8993500120182,ES PUTER,3250
8993500120045,ES PUTER,3250
8993500120052,ES PUTER,3000
8993175535885,NABATI COKLAT,1800
8888166336568,CRISPY,10000
8997003110022,DAVOS KOTAK K,15000
8993175532648,NABATI WAFER KEJU B,16500
8992775312469,GERY SALUUT,10500
8992775317297,GERY DONUT,10500
8992775318119,GERY TOYA-TOYA,8500
8992741947565,YUPI DOS,10750
8992730993023,PERMEN KACAMATA,18500
8993175532426,NABATI ROLS,9000
8995077603969,DEKA CREPES,10500
8995077603334,DEKA ROLS,10500
8991001006202,BOLU-BOLU,10500
8991102385060,TANGO WAFLE,8500
8992775311813,BERY GOOD,10500
8996001355237,SUPERSTAR,11000
8991001005069,CHEWEEZ,10500
8991001005533,TOP,10500
8991001005519,TOP,10500
8994755030332,GOOD TIME SC,10750
8991001005649,CHACHA PEANUT,22000
8993175532303,AHH,9000
18997032680043,TARO JUMPING,14000
8998866605991,MILK JUS RT,7750
8998866500258,MILK JUS RT,7750
8998866605984,MILK JUS RT,7750
8992933257113,POP ICE,10500
8992933282115,POP IC,10000
8992933285116,POP ICE,9500
8992933284119,POP ICE,10500
8992933281118,POP ICE,9500
8992933233117,POP ICE,10500
8992933231113,POP ICE,10500
8992933251111,POP ICE,10500
8992933256116,POP ICE,10000
8992933239119,POP ICE,10500
8992747180126,VIXAL 500ML,16000
8998899400341,BAYGON SPRAY K,14500
8998899001166,BAYGON SPRAY B,35000
8993560033040,HARPIC 200ML,10500
8991002109148,FRESCO,10000
8991002105676,KOPI SUSU K API,11000
8992772311014,SOFEL JERUK,5250
8992772011013,SOFEL MERAH,5250
8998899004105,AUTAN,5000
8998899004242,AUTAN ANAK,5000
089686400410,SAOS INDOFOOD RT,10000
089686400427,SAOS INDOFOOD BOTOL,5750
8993366201117,CUKA DIXI,3250
8993366201216,CUKA DIXI,4250
8992772191203,KISPRAY UNGU RT24,5250
8992772192293,KISPRAY BIRU RT 24,10000
8992772191081,KISPRAY KUNING RT 24,5250
8888166338395,NISSIN MADU,10000
8992758110174,INTERBIS KACANG,13000
8992696404441,BEAR BRANd,10000
8992770033147,MASAKO RT 24,5000
8999999036041,ROYCO AYAM RT 12,3500
8999999034818,BANGO REFILL 60ML,2250
8999999100506,BANGO REFILL 600ML,23000
8998008152109,BIO MIWON RT,2750
8998008151003,MIWON 170GR,4750
8992775201480,PILUS RT,4500
8994148010019,KC ATOM GAJAH,4100
8997878001210,MILKITA SUNDUK B,20000
8995077602870,POLONG MAS RT,4250
8997878003498,MILKITA RT PAK,4500
8991102999472,BLASTER POP RT PAK,13000
8991102283151,BLASTER POP RT,4500
8991102282932,BLASTER POP RT,4500
8990800015200,ALPENLIBLE SUNDUK RT,4250
8990800004723,ALPENLIBLE SUNDUK RT,4250
8992775112151,KACANG GARUDA RT PAK,8500
8994504102013,HELLO PANDA RT PAK,6500
8992775110171,GARUDA KACANG RT B,9000
8888166605268,BIG ROYAL RT 10,4500
8888166607477,SUPER CO RT B,9000
8888166607361,COMBO CHEESE,9000
8888166994386,MINI STICK,8000
8888166606289,PAZZO,6500
4902430479912,GOAL II KUNING,5500
8888166603943,BIG ROYAL COKLAT RT,4500
8888166606616,MALKIST ABON RT,4500
8997009538035,PADIMAS PANDAN,4500
8997009538028,PADIMAS COKLAT,4500
8997009539209,PADIMAS CAMPUR,4500
8993175533645,DELIS,9000
8994834000331,GO POTATO,9000
8994834000218,ORIORIO,4500
8996001302316,MALKIST ABON RT,9000
7622210287403,BISKUAT PUTIH RT,9000
7622210077851,BISKUAT COCOPANDAN RT,9000
7622210287045,BISKUAT MERAH RT,9000
8992696405417,DANCOW PUTIH RT,34000
8992696404007,DANCOW COKLAT RT,30000
8991002115149,GRANDE K API,10000
8991002106321,LESS SUGAR K API,8750
8991002105485,SPECIAL MIX K API,12500
8994171101739,LUWAK 35GR,21000
8996001440049,ENERGEN COKLAT,17500
8996001440087,ENERGEN KC HIJAU,17500
8996001440124,ENERGEN VANILA,17500
749921030146,HI-LO COKLAT RT,13000
8992696408647,MILO RT,11500
8992933455113,ANGET SARI JAHE,8500
8996001410950,KOPIKO WHITE,9000
8996001410547,torabika kopi aren,11500
8998666000897,KOPIKO MOCHA,9000
8991002104914,MOCHA K API,9000
8998898847109,KOPI JAHE SIDO MUNCUL,14000
8998898804102,JAHE WANGI SIDO MUNCUL,7500
8998866603782,SOKLIN LANTAI RT,5000
8998866603881,SOKLIN LANTAI RT,5000
8998866603850,SOKLIN LANTAI RT,5000
8996001414002,TORA BIKA GRANULE,17500
8998866609234,TOP WHITE COFFE,11250
8991002103764,GOOD DAY GRANULE,17000
8991002103436,GOOD DAY,12000
8991002103238,GOOD DAY,12000
8991002104303,GOOD DAY,10000
8991002103931,GOOD DAY,12000
8991002103535,GOOD DAY,11500
8992933451115,ANGET SARI,9000
8999999035389,SARI MURNI RT,11000
089686386417,RACIK TEMPE,18000
089686386110,RACIK SAYUR ASAM,18000
8992780030242,2 TANG RT,8500
8994286110046,DANDANG RT,9000
8999999193522,SARIWANGI RT,5250
089686386011,RACIK NASI GORENG,18000
089686386462,RACIK IKAN GORENG ,18000
8996001410042,TORABIKA MOCA8996001410042,11500
9311931024036,COFFEMIX,13500
4902430415750,PANTENE CONDITIONER,5000
8991002105454,KAPAL API 35GR,26000
8996001402023,TORABIKA S,11500
8991002105430,KAPAL API 65GR,52000
8991002101333,ABC WHITE COFFE,11500
8998866200790,TOP MOCCA,9000
8991002101265,ABC PLUS,4750
8991002105645,MANTAP K API,10500
8992696408722,NESTLE KC HIJAU RT,13000
8998898853100,SUSU JAHE SIDO MUNCUL,14000
8994171101289,LUWAK WHITE,12000
8991002101630,ABC SUSU,12000
8991002113312,GOOD DAY CAPUCINO W,14500
8991002101746,ABC MOKA,11500
8993371100146,JAHE WANGI,10000
8991002115101,JAVA LATTE K API,9500
8999999023805,RINSO RT,5000
8998866608701,DAIA BUNGA RT,5250
8998866607360,DAIA WHITE RT,5000
8992727003797,ATTACK BUNGA RT,5000
8999999037260,RINSO RT,5000
8992727005296,ATTACK JAZZ,5000
8999999041847,MOLTO RT B,5000
8999999036447,MOLTO RT B,5000
8999999036119,MOLTO RT B,5000
8999999037123,MOLTO RT B,5000
8999999017538,SUPER PELL RT,2500
4902430532884,DOWNY RT,5000
8999999031343,MOLTO RT K,5000
8999999041830,MOLTO RT K,5000
8999999041885,MOLTO RT K,5000
8999999000417,MOLTO ULTRA RT,2500
8999999016371,RINSO CAIR SOFT RT,5000
8999999042639,RINSO CAIR RT,5250
8991002103832,GOOD DAY,11500
8992753031900,SUSU RT P,8000
8992753102303,SUSU RT C,8000
8995102702018,TEPUNG BUMBU MAMA  SUKA,9000
8995102702117,TEPUNG BAKWAN MAMA SUKA,2200
8992736945132,TEPUNG BUMBU SASA,9500
050400270802,TEPUNG BUMBU PRIMA,900
8992736010168,PISANG GORENG SASA,2200
8997014830018,TERASI JEMPOL,4000
8992933321111,NUTRI JELL,1800
8992933325119,NUTRI JELL,1800
8992933322118,NUTRI JELL,1800
8992933326116,NUTRI JELL,1800
8992933320114,NUTRI JELL,1850
8992933324112,NUTRI JELL COKLAT,2500
8886007811427,SOSRO CELUP RT,19000
8991002105423,K API 165GR,12500
8994171101067,LUWAK 165GR,8500
8992725910615,LISTERINE 250ML,18500
8991003060219,HUKI DOT,15000
8998103101224,CUSSON BOTOL DOT B,21500
8998103101217,CUSSON DOT BOTOL K,11000
8998168001118,DRAGON H1,11000
8998168001071,DRAGON HSB,28000
8998168001095,DRAGON HSP,13000
8998168001057,DRAGON REFILL H1,7500
8998168001019,DRAGON REFILL HSB,29500
8992796022125,VIVA HAND BODY,5000
8992796011341,VIVA TONIC BENGKOANG,6000
8992796011310,VIVA TONIC LEMON,5000
8992796011105,VIVA MILK CLEANSER,6000
8998866105507,LOVELY 120ML,5000
8998866105491,LOVELY 120ML,5000
8992796011112,VIVA CLEANSER LEMON,6000
8999908060907,MARINA 200ML,7750
8999908061003,MARINA 200ML,7750
8998866100809,EMERON SHAMPO 50ML,1800
8998866100823,EMERON SHAMPO 50ML,1800
8999908251107,MARINA POMEGRANATE 200ML,7500
8997011922099,MILKY MOO 70ML,1000
8995227500230,KAKI TIGA KLG 320ML,5250
8992745330127,STELLA HIJAU 30GR,6500
8992745330103,STELLA BIRU 30GR,6500
8992745330110,STELLA PINK 30GR,6500
8992745320135,STELLA MOBIL 70GR,9500
8999999037369,SUNLIGHT 55ML,1000
8992304014451,GARNIER RENTENG,4250
8991906101712,DJARUM COKLAT EX 12,13000
8998866200530,TEAJUS RENTENG,3250
8992696408746,NESTLE BR MERAH RTG,13000
8999999706173,PEPSODENT PTH 120GR,8000
8999999706111,PEPSODENT PTH 25G,2000
8992933461114,PUDING PANDAN,7500
8992933469110,PUDING LAPIS,7500
8992933463118,PUDING SUSU,8500
8992933465112,PUDING STRAWBERRY,7500
8992933460117,PUDING GULA JAWA,7500
8993351158211,REAL GOOD SCH,900
8993351139807,REAL GOOD SCH,1000
8992717781025,SUN KARA,3000
doremi001,ABON DOREMI,14000
8999999023638,DOMESTOS 150ML,4500
tokai001,TOKAI KOREK,1500
tokai002,TOKAI KOREK DUS,72000
8992753174201,BENDERA BOTOL 190ML,4500
4902430566896,HEAD SHLDR RTG 24,10000
8999999027049,LIFEBUOY RTG 24,5000
8998866101097,ZINC RTG 24,4750
8998866102001,ZINC RTG 24,4750
8999999027773,DOVE RTG 24,9750
8934868015024,REXONA RTG 12,2350
8934868015031,REXONA MEN RTG 12,2350
8999999027568,CLEAR RTG 24,9750
8999999027056,LIFEBUOY RTG 24,5000
4902430393126,VICK INHALER,15500
kemiri001,KEMIRI,3000
merica001,MERICA,3000
ketumbar001,KETUMBAR,3000
pala001,PALA,9000
makaroni001,MAKARONI RTG,3000
asem001,ASEM JAWA,3000
8998866100250,KODOMO,5500
8999999707835,CLOSE UP 65GR,6250
8999999707859,CLOSE UP 160GR,18000
8999999706081,PEPSODENT PTH 75GR,4300
8999999706180,PEPSODENT PTH 190,12000
8999999707781,PEPSODENT WHT 190GR,14500
8999999710880,PEPSODENT HRB 75GR,7500
8999999710866,PEPSODENT HRB 190GR,19000
8998866100144,CIPTADENT 75GR,3500
8998866100168,CIPTADENT 190GR,9000
8998866605816,SOKLIN SMART 800GR,25000
8998866602594,SOKLIN PRO 330GR,5000
8998866609487,SOKLIN SOFT 330GR,4600
8992727002479,ATTACK SOFT 800GR,26000
8998866803205,SOKLIN SMART 800GR,18000
8998866606769,BOOM,4500
8998866605199,BOOM,4500
123,gula pasir,12500
8999999401221,RINSO 450GR,9500
8998866607353,DAIA 900GR,14500
8999999401238,RINSO 900GR,23500
8999999401078,RINSO MOLTO 900GR,16500
8994796151294,AROMA SLIM,11300
8991904101011,SENIOR,14700
8991905101027,BROWN,14900
8998127533124,COUNTRY M,20000
8993587789999,TUTON SUPER,13450
8993587029996,TUTON K 12,6400
89981757,DUNHILL M,21700
89981788,DUNHILL H,21700
89981764,DUNHILL,21700
8994790521109,PALLMALL M,12450
89981115,LUCKY STRIKE B,25250
8993587518889,TUTON F,13250
8998968400203,HALIM 20,19200
8994214546398,WISMILAK SLIM,15500
8999090501035,SUKUN P 12,14600
154676,PANILI DOS,12000
tepung01,TEPUNG,5500
8999999003722,CITRA M 120ML,9750
gula01,GULA PASIR 1KG,10000
8998127911175,UNO,14800
8998989300391,PROMILD,23700
8991906151366,MLD 20 ,301000
3456,LELE RT,15000
8992694246340,ZWITSAL,8000
8999999719753,PONS SHAKE MRH,26000
4902430414296,HEAD N SOLDERS BTL,8500
8999999029654,CLEAR BTL,9750
8999999029364,SUNSLIK BTL,8000
4902430401173,PANTINE BTL,14000
4902430399531,PANTINE BTL,10500
4902430419017,PANTINE BTL,11500
8999999001230,LEFBOY SBUN BTL,12500
8999999036492,LUX CAIR BTL 100ML,7500
8999999036539,LUX CAIR BTL 250,17500
8999999719395,VASELINE HEALTHI WHITE 100ML,14000
8999999003074,VASELINE ALOE FRESS 100ML,12000
8999999717094,PONDS FF 100ML,22500
8999999003401,PONDS FF HTM 100ML,22500
8999999718770,REXONA MEN ROOL MEN 40G,12000
8999999040741,REXONA MEN ROL ON 25G,6500
8999999717629,REXONA STIK,6000
8999999030674,CITRA HAZELINE 40G,23000
8999999716929,PONDS CREAM 40G,29000
8999999222222,PONDS CREAM 20G,15000
8999999033644,PONDS AGE MIRACLE 10G NIGHT,28000
8851932184564,PONDS AGE MIRACLE 10G DAY,25000
8999999003661,CITRA MANGIR 120ML,9750
8999999003692,CITRA YOUTH 120ML,9500
8999999719760,PONDS SHAKE BTL HJAU,22500
8851932221603,PONDS AGE MIRACLE 25G,53000
8999999719869,LEFBOY MEN CAIR REFIL 250ML,10000
8999999001117,LEFBOY CAIR REFIL 250ML MRH,22500
8999999003777,CITRA BTOL TEH HJAU 250ML,17000
8995179100090,GAJAH 30ML,7000
8996001306987,SLAI OLAY 24,22000
8996001318522,MUCH BETTER STROWBERI 24,19000
8996001355008,BENG BENG 1500,27000
8996001370063,CHOKI CHOKI,18000
234,MORLING,8000
678,AGER AGER TOPLES,17000
089686598056,CHITATO,9000
789,ROTI,900
8992702005945,INDOMILK BTL,4000
8999999033200,LEFBOY BTOL SMPO 70ML..,11500
089686010046,IND SPESIAL,2800
089686010947,IND GRENG,2950
089686010015,IND BWNG,2800
8991038774426,KAPAS SOFTY..,4500
8993189270833,PEMP   RES XL ,25000
8993189270284,CHARM 8,4000
8993189271748,PEMPRES S,18500
8993189270796,PEMPRES M,20000
8991038774976,CINDERELA KAPAS,3000
8998989400398,PROMIL 1 SLOP,237000
8991906101361,MLD 20,30100
8990090025644,LIFSTIK CHIK,12500
8992796056045,LIFSTIK VIVA,13000
711844120396,SAMBEL BTL ABC,14000
711844162419,KACANG HIJAU ABC,3750
711844120402,SAMBEL ABC RTG,14500
711844330146,SARDEN ABC K,9250
711844330115,SARDEN ABC B,20500
8993110071119,SOSIS AYAM,19500
8993110071126,SOSIS SAPI,19500
8993523101304,KING SARDEN,6000
8993523101021,SARDEN KING K HJAU,6000
8993523101014,SARDEN KING B MR,14000
8993523101311,SARDEN KING B HJ,14000
567,YAKUL,8000
8997004041073,JELI STIK,4000
8992761147020,SPRIT PLASTIK TG,4000
8996006855145,TEH BOTOL,5000
8996006853431,FRUTEI,5000
8996006853394,FRUTEI MRAH,5000
8992761166038,PALPY ORANGE,4000
5555,KACANG HIJAU B,3500
55334,TEH KOTAK,2750
6373,GREEN TEA,5000
8993175537872,ROLLS,1800
8993175535878,NABATI  STMJ,1800
8886001012233,MARIE SUSU,5000
8996001304990,SARI GANDUM,6250
8999999033125,LIFEBOY SHMP BTL 70ML,7500
8999999718763,REXONA PINK,12000
8999999002558,REXONA BIRU,13500
8998009040023,TEH KOTAK,3100
8998009050053,KACANG IJO B,4250
8997004040106,PUDING ISI 4,1500
8993175531894,NABATI 500,9000
8993175532907,NABATI COKLAT 500,9000
8996001350423,ZUPER KEJU,8500
8993175531986,SIPP KEJU,9000
8999999003395,PONS FF HITAM 50G,14000
8999999717018,PONDS FF BIRU 50G,13500
8999999004194,CITRA WHITE 60ML,5500
8999999003524,CITRA MANGIR 60ML,5500
8999999004262,CITRA PEARLY 60ML,5500
8999999003685,CITRA FRESH 120ML,9500
8999999003708,CITRA WHITE 120ML,9750
8999999717100,PONDS FF PINK 50G,14000
12121,YAKULT,8000
12134,LIANSIE,7000
6930616605198,ISI STAPLES B,4000
089686405156,SAMBAL CHIKEN,3000
76869,SAMBAL TERASI ABC,13500
8992946520792,FORVITA,1800
8999999198862,BLUEBAND B,6500
8991818080112,SAMBAL TERASI VINA,13000
8993093105009,TEPUNG TAPIOKA,4000
8993093115008,TEPUNG BERAS 12,6500
8997001240035,PITA MERAH,12000
8991688890101,MIE DARA R,2700
8993047311111,MIE TELUR MERAH,4000
8997011700062,PADAMU K,3000
8997011700031,PADAMU B,5500
8997878001883,PINO,5500
8997878001845,PINO,5000
8997878001852,PINO,5000
8997878002088,KIKO,6000
12344,KECAP LELE B,7750
8993093122501,TEPUNG BERAS K,3000
8998866608046,KECAP SEDAP T,8250
8999999037338,SUPER PELL K,900
8999999035914,SUN LIGHT K,1000
8999999037758,WIPOL K,1000
8998866104456,MAMA LEMON K,900
8998866608978,SO KLIN K,5000
8998866609166,SO KLIN K,5000
089686600223,CHETOS,9000
8996001304921,SLAI O`LAI,900
8992796011136,VIVA  milk beng,6500
8993189270819,PEMPERS L ,20000
18998866601143,DUS DANGDUT,36000
8976,GULA,10000
8997018460150,MALBORO ICE BLAST,33500
8999999031190,TRESHEME,17000
8996196000356,PIATOS,9000
089686598018,CHITATO K,18000
089686604443,JAT Z,9000
089686590036,CHIKI BALL,9000
8999999000165,TARO,9000
089686611625,Q TELA,900
089686596441,LAYS,4500
1010,PASEO,3500
8991389300107,SIDU 38,31500
8998009030031,SARI ASEM,4500
8998009010552,ULTRA P,4250
8997878002729,MILKITA RT,15000
8991102222013,TEH GELAS,18500
8991102228053,TEH GELAS BTL,2500
8991102303200,TANGGO TG,4250
8992775407103,KOKO DRINK,18500
8993417200045,ELLIPS,9500
8994286120045,DANDANG B,30000
4902430349062,ORAL B,2200
8993007000239,INDOMILK KTK,2700
8991115010102,BABOL RT,22500
8993007000253,INDOMILK KTK,2700
33555,MARNENG,4000
66555,KACANG BWNG,4250
4902430303620,DOWNY,5000
8991102300421,TANGGO B,7500
8886057883665,KRATINGDENG,4500
8994075260013,MOM6gi,9000
7766,GARAM IBU BJAK,13500
888,GARAM KAPAL B,45000
999,GARAM KAPAL K,900
8998009010569,ULTRA B,4250
8998866500708,FLORIDINA,2750
8992775202227,KCNG TLUR GRUDA,8500
8992775315033,SALUT MALKIS,9000
333,PIA GOLD,3500
10089686820611,TEKITA,18500
8992752118107,MEIZONE,3200
8991234500034,SUNKIST,2300
8993496106481,FORTUNE 1LT BTL,13000
8995555121268,KIMBO K,10000
8995555111252,KIMBO K,10000
444,KACANG DJ K,3500
4968306479660,KIWI C,7250
8998899001579,BAYGON,3500
8998127117034,BENTOEL,19100
8998127217178,CLUB MILD,11500
8888166996762,KRUSTER,10500
8888166992504,WAFER TOP,10000
8998009050060,KACANG IJO K,3000
8998866575010,HERS,3500
8992775110140,GARUDA B,11000
8998866500128,PROTEX ISI 5,2250
8998866679602,SOKLIN LANTAI B,14000
8998866608961,SOKLIN LIQUID K,5000
8998866604079,PEMUTIH RT,2500
8998866600569,SOKLIN LANTAI K,4750
8998866104937,ZINC BTL135ML,9000
8998866102162,SIDIA,2000
8888166338449,ROTI BLIMBING,10000
8888166989634,SERENA,3000
8995077600890,KOROKU RT,4250
8995077603075,KOROKU RT,4250
8995077601330,DUA KELINCI RT,4250
8992775211465,PILUS GARUDA RT,4500
8991906101514,CIGARILLOS,11800
8995858999991,MIXAGRIp,2400
8991389217382,MIRAGE,6000
8991002105584,KAPAL API K,5000
8886007000043,POCI MINI,4000
8993351139906,REAL GOOD,1000
8998866606844,ZINC,4750
8998866100793,ZINC,4750
8998866104913,ZINC,4750
8998866106344,ZINC,4750
8998866608756,SO KLIN SOFTENER,5000
8998866609319,SO KLIN SOFTENER,5000
8992765101011,GOAL KLICK,8000
876547895924,BUKU KOTAK B,18500
8991389222225,FOLIO,35000
8998866500210,MILK JUSS,7500
8995077603327,DEKA,10500
8995077603952,DEKA CREPES,10500
8996001520116,MIE GELAS,13500
8999999003906,HAZELINE,7500
8854347000115,UB,9000
8999999720278,POND REFILL,4500
8995227500278,KAKI 3 LECI,5500
8995227500254,KAKI 3 STROBERI,5500
8996001326220,KIS MERAH,6000
8995227501015,KAKI 3 ANAK,4800
8998866608084,KECAP 600 ML,18000
8998866200523,TEEJUS LEMON,3250
8998866200547,TEAJUS MELATI,3250
8994796151300,AROMA SLIM SLOP,113000
4902430479929,4902430479912,4750
8991002103733,GOODAY FRESS,19500
063490590888,PENSIL,9500
111,KOREK 1SLOP,20000
8993058304201,BINTG7 MSK ANGN,2500
8996001520178,MIE GELAS,13500
8992745140016,HIT RT,10500
222,MIE DORO B,24500
8888299758398,ALTECO,4650
777,MIRI,3000
089686870022,ICHI OCHA,3000
8992858664706,PROMAG,8000
8999908285003,BODREX EXTRA,2200
8992775311417,GERY SALUT ROL,10500
089686017748,SARIMI GORENg,3700
089686018059,SARIMI REBUS,3600
089686017717,SARIMI REBUS,3600
8998866200318,SEDAP BAWANG,2800
8998866200325,SEDAP SOTO,2800
8998866200301,SEDAP GORENG,2950
8992775414200,OKKY,1000
711844160309,MR. JUSSIE,1000
8997878002972,MILKITA PERMEN,5000
4809010740014,ALKOHOL,40000
8999999390419,SUNLIGH 200ML,4100
8991038772040,CINDERELA K,1800
8994354100399,ISI STAPles,2000
8994297101279,CAOS BANTAL,3500
10101,MESIS,4500
8998866601146,DANGDUT,900
5757,TELUR,18000
8992727002844,ATTACK SOFTENER,6500
8996001520154,MI GELAS,13500
8990090110029,SARIAYU ALAS,10500
8990090120271,SARIAYU PELEMBAB,10500
8990090120011,SARIAYU PELEMBAB,13500
8990090102383,SARIAYU COMPACK,17000
8992761136185,FANTA BTOL 1LT,7500
8886008101053,AQUA,2250
9415007027591,ANLENE GOLD C,15000
9415007006824,ANLENE GOLD P 250,39000
9415007009801,ANLENE ACTIFIT 250,35000
8992772195058,KISPRAY BTL,11000
8992772195027,KISPRAY BTL,11000
8991001004338,CHACHA COKLAT,10500
8991001004444,CHACHA PEANUT,10500
8992772325127,SOFFELL BTL,7000
8992696415324,PERMEN FOXS,5500
8991001005472,FONNUT,20000
8992752111306,MEIZONE,3000
8993154788943,HOT PERMEN,7500
8990800013596,BABOL MONSTER,19000
8886013700104,MIE ENAK,9000
8992775201404,PILUS ORIGINAL,9000
8996001318546,MUUCH BETEER,19000
8999999012625,BANGO TG,11250
8994834000577,EGG ROLL,10500
8994171101746,LUWAK B,42000
8992775201473,PILUS PANGGANG,4500
8992775311318,GERI SEREAL,4500
8992775310175,MESES,4500
4987176600554,VICK OLES,7000
8999002671573,EFEREADY A2,2000
8999002671726,EFEREADE A3,2000
8992775311615,COKOLATOS,10500
8997011910010,SERUNI,30000
8999999003920,CITRA RT MANGIR,9000
8999999040871,CITRA RT UNGU,9000
8999999003807,CITRA RT WHITE,9000
8993379254469,LERVIA,3500
8993379200862,HARMONI.,2250
8993379200855,HARMONI,2250
8993379261764,LILIN POPULAR,3750
8992770033130,MASAKO,5000
089686385816,MAGIG,4000
8994755010327,TIMTAM MAXI,10500
7622300442460,OREO,16000
8992760223046,OREO,16000
8992760221066,OREO,16000
7622300136000,OREO,16000
8886015410018,NYAM NYAM,10500
089686386318,RACIK SOP ,18000
2727,KACNG ATOM,3300
8995555111221,KIMBO B,19500
7890,LILIN LEO,4500
8991919298973,NYONYA MENER,13000
8993560025069,DETOL BESAR,5400
8993560024994,DETOL KECIL,3400
8998866607339,SOKLIN K,2500
8996001600146,PUCUK HARUM,2700
8993007001700,INDOMILK C,7000
089686400526,CAOS BOTOL,5750
089686400816,CAOS BOTOL,6250
8992696409057,MILO 3 IN 1,35000
8999999036638,LUX,4250
8999999036676,LUX BIRU,4500
8990090110012,ALAS SARIAY,13500
8997004040441,JELI 4,1500
8997878000015,KIKO BESAR,7500
8999999039868,ROICI NASI GORENG,1350
8999999023812,ROICO ALL IN ONE,3500
8992112014018,NEOZEP,2400
8992222010221,TANCO CAIR,17000
8992222010214,TANCO BUBUK,13250
8991102381109,FULLO,10000
8993110185328,OMAYO MERAH,4000
8993110185229,OMAYO KUNING,4000
8888166603950,BIGROYAL MREH,9000
8992942272749,SEGARSARI,10000
8998685011003,HEXOS,1750
8998685011799,HEXOS 1 DOS,78000
8994171101678,ARABIAN GULA,8500
8998685021781,NANO2 1DOS,40000
8998685021002,NANO2,1600
8995227500124,K3 BTL,3000
8989,MIESUA,9000
3737,MOTO TG,8500
6969,MOTO B,7500
4884,ROTI KACANG,4000
8994591007123,TONIKUM BAYER,13500
898888,ROTI,900
967965987,RINDU,4000
8990090100150,SARI AYU,14000
8999999027766,DAF PUTIH,9500
8998866608589,BOOM PUTIH,4500
8994297101446,SIRUP NIKI SARI,22000
8993058300425,KOMIK,44000
8998181941170,DUNHILL,21300
112,KINGKONG,3400
113,SITRUN,900
8997009530060,PADIMAS IJO,4500
8997009530022,PADIMAS COKLAT,4500
8990090102055,FEFIL TABUR S AYU,6500
8997035111110,POCARI KALENG,6000
7887989,PAMOR,7600
8991389304020,SIDU,18500
8998898823905,TOLAK ANGIN PErmen,1850
8993189272196,TISSUE BASAH,4500
8991002307209,COFFEE CANDY,5500
8999908034205,HEMAVITON BTL,3500
8993338005033,KOYO CABE,10500
8992759114348,PASEONICE,8500
766,PUYER  JAGO,5500
8994472000069,KAPAK 56 ML,64000
8993218330019,MEXTRIL,3200
8992222050197,GATSBY,18000
8992222052962,GATSBY,6000
8992222050708,GATSBY,6000
8993082261518,RITA,5000
8992832601468,CASABLANCA,15500
8992832601499,CASABLANCA,18000
4987176006882,VICK 44 B,10500
4987176006943,VICK 44 ANAK B,10500
4902430252607,REJOICE,5000
4902430504454,DOWNY,5250
4902430542739,DOWNY,5000
4902430534079,DOWNY,5000
4902430542753,DOWNY,5250
8992858245516,KALPANAK KRIM,13000
8993058301224,KOMIK OBH,44000
8993058300524,KOMIK JAE,43500
8993058300821,KOMIK JERUK,44000
8998866670722,WING B 500 K,1900
122,GODAH,4000
1234,ABON,13500
8992222050418,GATSBYBIRU K,4200
8991038766100,CATENBUD ISI 100,3600
8991038766605,CATENBUD ISI 60,2100
4902430563864,PENTIN BIRU,10000
69876,RHEMACIL,7500
8993111112507,GARAM,1800
8991102385091,TANGO,9000
78678,VISION 18WT,5000
8992684985624,BOLEP JARI,5000
6937927009059,3S 20WT,5000
8998866200875,JASJUS ANGGUR,3250
8998866200134,JASJUS JAMBU,3250
8998866606417,GIV SABUN,2650
089686010343,INDOMIE SOTO,2800
089686043983,MIE GRENG BALADO,2400
089686043990,IND SOTO LAMONGAN,2400
8888166994430,WALEN SHOES,17500
8888166995215,WALEN SHOES,9500
1223,TATRA,2500
4902430452762,DOWNY,5000
8994472000052,KAMPAK 28,35000
8994472000021,KAMPAK 5 ML,9500
8994472000045,KAMPAK 14,20600
8994472000038,KAMPAK 10 ml,14800
8999999007768,FAER LOVELY,4200
8992843110607,BETADIN CAIR,19500
8999999027599,CLEAR MENTHOL,10000
8993417200021,ELLIPS,9500
8993417200014,ELLIPS KNG,9500
8993417200038,ELLIPS UNGU,8500
8886022910266,BATU BSR,11500
8996196102555,DINAMIT,5000
8993172886621,COKOCIP,4500
8993176812039,GELIGA KCL,4500
8991102022187,SIKAT FORMULA,32500
8888166606227,MALKIST ABON,5500
0001,KOREK,2100
0002,SANDAL SERI,48000
0003,SANDAL BESAR,50000
8996001306970,SLAI OLAI,22000
8994144100042,GOPEK.,29000
8851932181853,PONDS FW 10GR,17000
8999999031862,PONDS FW BB,17000
38991001004284,COKLAT JAGO,10500
8995026900859,BOLPEN,13000
4545,GULA JAWA,12000
4749,MINYAK CURAH 1KG,11000
4902430563895,PANTINE,10000
4902430563925,PANTINE,9500
8999999027582,CLEAR RT,9750
8998866608039,SEDAP K,1850
8997011067608,MILKUAT BTL,2600
8999999037352,SUNLIGHT K,1800
8999908043801,OSKADON SP.,2200
8992112025021,DECOLGEN,2500
8996196002909,PIATOS,9000
8998866608725,DAYA 1KG,20000
8998866608060,KCAP SEDAP RT,4750
8992946522253,SINZUI CAIR 200ML,12000
8992946526862,SINZUI K,2500
8992946526824,SINZUI K,2500
8992946526817,SINZUI K,2500
8992946522291,SINZUI BODY LOTION,9000
8992946513282,SINZUI BODI LOTION,9000
8992946513275,SINZUI BODI LOTION,9000
8992946514302,SINZUI FF 40ML,7500
8992946514296,SINZUI FF 80ML,14000
8992946519390,SINZUI CAIR 200ML,12000
8992946522260,SINZUI CAIR 200ML,10000
8999999037277,SURF,5250
8994286110053,DANDANG,9000
8999999037284,SURF,5250
8992702005976,INDOMILK BTL,4000
8992727005302,JAZ 1 1KG,17000
8992942297223,SEGAR SARI,10000
8998898865127,KUKUBIMA,4500
8998866888622,GIV MERAH,2650
8998866888653,GIV KUNING,1900
8999999195632,BLUBEN RT,9000
8888166607460,SUPERCO,4500
8888166989436,KLIK,4500
8999999042646,RINSO CAIR WARNA,5250
8993058200114,WAISAN,5500
8992858666106,PROCOL,2750
8991102301800,TANGGO TG,4250
8992931006256,TISU,4000
8996001301111,ROMA,9000
8996001302088,MALKIST,9000
8992741972703,YUPI,10750
8993020777712,SUSU KOTAK,2200
8995151221249,PUTERI,14000
8992727005128,MENS BIORE,14500
8992727004237,BIORE,13500
8992222060097,PIXY,9750
089686060126,POP MIE,4600
8993175537285,NABATI,4750
8993175537346,NABATI,4750
4902430429405,REJOICE BTL,9500
8998866200929,SEDAP BAKSO,2500
8992933237115,POP S DOGER,10500
8992933232110,POP S MOCACINO,10000
8992933253115,POP S COCO CRIM,9750
8992933283112,POP S P KARET,10500
8992933252118,POP S ANGGUR,10500
02222,JARUM PENTUL,1000
8996001301142,ROMA KELAPA,8500
8993175536851,NABATI B,16500
8995227500308,K3 KALENG,5500
28991002504909,YESS CORANGO,10500
8990800016757,BABOL SAK,6000
8998168001125,DRAGON H2,9000
8991102281430,MINTZ,6000
8991688890484,DARA PIPIH,3100
8997002290312,LAVENIA,12500
8998866500340,PROTEKS,4000
8993188111120,KINGKONG,4300
8999999027742,KONDISIONER,10000
8991001004284,COKLAT,10500
8993189320699,CHARM,9250
8992855888051,AGER MERAH,4250
8993118621606,SOR,10500
8993053651027,PASEO REFIL K,4500
8993053651010,PASEO REFIL K,2500
8991002504325,IYES RT,4500
8992933328219,NUTRIJEL,20000
8992933324211,NUTRIJEL COKLAT,29000
8999999034825,BANGO RT,15000
8998866602372,DANGDUT,900
8998898852127,KUKUBIMA,4500
8991906101644,DJARUM COKLAT,12000
8998127533223,COUNTRY,187500
8993496106504,FORTUNE 1L.,18500
8992388101016,NU GRENTEA,5000
8999999407919,WIPOL REFIL B,21500
8996001355107,BENG BENG STIK,10500
8992761122348,FRESTEA,5000
8992714041054,CALPICO,2300
8998866200745,TOP SUSU,11250
8992942297308,SEGAR SARI,9500
8997009510123,WATER ORANGE,6250
8996001326404,KISS,6250
8998989110501,KALENG SUrya,76000
8999999002299,CITRA,1800
4987176009173,VICKS,19000
8993058303211,KOMIX ANAK,10500
8999999400958,MOLTO,11000
8999999400972,MOLTO,9500
8991234416816,CINCAU,4500
8992803658217,NOSI,14000
8999999407872,WIPOL,9000
8999999036058,ROICO,3500
8999999009656,KONDISIONER,5000
4902430415736,KONDISIONER,5000
4902430415743,KONDISIONER,5000
8995026900804,STANDAR,15000
4353,DUS WING,54000
8998866671729,EKONOMI B,1900
8996001600221,KOPIKO BTLL,5500
8996001600245,GUAVA BTL,3000
8992222071130,PIXI REFIL,24000
8992695203441,INSTO,12500
8993212100069,VISIN,14000
8994504102020,HELO PANDA,6500
8993082275515,ORANG ARING,6500
089686060027,POPMI,4800
089686386066,RCK AYAM,18000
089686386165,RACIK LODEH,18000
8998866200837,SEDAP CUP,4800
8991389300800,BUKUBOSS,20000
8990121011073,BANGO BTL,8000
8997013170115,SERGU,3500
8993058104603,JOSS BLEND,17000
8991002103337,GOOD DAY,12000
2323,PLASTIK 1KG HD,2650
2983,PLASTIK 12KG HD,1750
089898,KANTONG KECIL,1750
53453535,KANTONG TG,1750
3547879,PLASTIK 1 12KG HD,3500
848,PLASTIK 12KG B,2000
98765,PLASTIK 1KG B,3000
23456789,PLASTIK 1 12KG B,4000
8992760223015,OREO,7000
7622300442507,OREO,6500
7622300136055,OREO,6500
8993058300401,KOMIK,1500
8993058301200,KOMIK,1500
8993058300500,KOMIK,1500
8993560024642,DETOL B,5400
8993560025083,DETOL BSR,5400
8999999039141,DOVE,10000
8999999041205,DOVE,10000
8999999039097,DOVE,10000
8886020001010,KAAPUR BARUS SWALOW,7200
8999090502032,SUKUN P,146000
8690,KERTAS WP BRU,19500
8998899940236,BAIGON,3300
8991102283380,MINT Z,4500
8991002304901,RELAXA,4250
089686910704,GORENG,2950
8992222050326,GATSBY TALK,5500
8992222050388,GATSBY WG,3000
8992304010293,GARNIER,19000
8991380700036,GARNIER SABUN,14500
8992796011815,PELEMBAB BENGKOAN,8000
8993417162121,RESIK V,6500
8993417169113,RESIK V,6500
8993417001277,OVAL B,14500
8997016373018,HERBORIS,10000
22,PIGEON,19500
8997021870137,FRES CARE,11250
8992222091510,PUSELL B,15500
8992222091718,PUSEL BSR,13750
8993500200044,ES LILIN,4000
8998866602570,NUVO,2650
8992727005272,ATECK,5000
8888166994768,NISIN,1800
89981108,LUCKY STRIK,26400
8992933642117,POP ICE,9500
8996006857255,FRUIT TEA,5000
8996006855541,FRUIT TEA,5000
8992758110778,QUEEN,4500
8886052808281,ROSE CREAM,6500
8886052845286,ROSE CHOKLATE,6500
8998866602211,DAYA,5000
8995227500247,KAKI 3 KALEng,5500
8997003110060,DAVOS SAK,4500
8997003110077,DAVOS SAK,4500
4142114473168,SIKAT ETERNA,4500
8993496107051,SOVIA MNYAK,16500
8992727002868,BIORE MENS RFIL,9000
8999999717025,PONDS FACIAL F,22500
8999999716912,PONDS CREAM K,15500
8992946512223,SINZUI SBUN,4400
8998866603416,RAPIKA REFIL,5500
8992936115052,TONGCHI RT,18000
8995899110119,TPUNG KOBE,2200
8992933101119,SISRI,2750
8992942297186,FRENTA,3000
8992942297100,FRENTA,2750
8992942297162,FRENTA,3000
8992942297124,FRENTA,3000
8992933103113,SISRI,2750
8992933108118,SISRI,3250
8993500120199,ESPUTER COCORIO,3250
8993500019400,MARIMAS,3000
8993500010087,MARIMAS,3000
8993500010100,MARIMAS,3000
8995227501039,KAKI 3 KLENG,5250
8992741984157,YUPI,10750
8993560024116,DETOL,3300
8993560025038,DETOL,3400
8993560025113,DETOL,3300
8993560025090,DETOL,3400
8992745550488,MITU TALK,7000
8992745140689,HIT NONSTOP,17500
8997004700109,COCOMAXI,1800
8992775315057,MALKIS SALUT B,6000
29-438,SEDOTAN,4000
1001216ISTI,HARGA 9500,9500
1001217ISTI,ROTI,900
1001218ISTI,HARGA 4250,4250
1001221ISTI,teh pucuk 1 karton,60000
1001224ISTI,ABON GULA MERAH,16000
1001227ISTI,KOREK SLOP,27500
1001220ISTI,SODA BTL,3000
1001223ISTI,PASEO ISI 6,5500
1001226ISTI,HARGA 1000,1000
1001219ISTI,LILIN LEO,7500
1001222ISTI,YAKULT,8000
1001225ISTI,HARGA  ,10000
1001228ISTI,KOREK,3500
1001230ISTI,T.ANGIN TPLES,24500
1001229ISTI,HARGA 10500,10500
1001233ISTI,HARGA 2000,2000
1001236ISTI,1.5 HD,4500
1001239ISTI,15 BENING,5500
1001242ISTI,gula jawa,15000
1001235ISTI,PLASTIK 1KG HD,3000
1001238ISTI,0.5 BNING,3000
1001241ISTI,KANTONG TG,2000
1001244ISTI,wp merah,33000
1001234ISTI,TOKAI ADEM PUDING,1900
1001237ISTI,1KG BENING,4000
1001240ISTI,KANTONG K,2500
1001243ISTI,HARGA 2500,2500
1001245ISTI,kantong tebal,11500
1001231ISTI,korek tokai 1 DOS,88000
1001232ISTI,POCI Hijau,28000
1001201ISTI,GULA,13500
1001204ISTI,aqua besar,53000
1001207ISTI,HARGA 8000,8000
1001210ISTI,anak lanang,270000
1001215ISTI,POCI N VIT GELAS,19500
1001214ISTI,LELE besar,12000
1001202ISTI,HARGA 8500,8500
1001205ISTI,HARGA 4500,4500
1001208ISTI,harga 5000,5000
1001211ISTI,HARGA 6500,6500
1001203ISTI,HARGA 3000,3000
1001206ISTI,TOMAT,8000
1001209ISTI,HARGA 4000,4000
1001212ISTI,HARGA 8000,8000
8996001318003,BETERR,4500
8999777001186,KOYO HANSAPLAS,15000
8999777000776,KOYO HANSAPLAS,15000
8991906151649,DJARUM CKLAT,120000
8992796011204,VIVA MILK TIMUN,5500
8992796011402,VIVA PNYEGAR TMUN,5000
8991002121058,GOOD DAY,3500
8991002121041,GOOD DAY CAIR,3250
8992696417052,CARNATION,8750
8998866607322,SOKLIN BUbuk,5200
8992933382112,SISRI,3000
8993500120014,ES PUTER,3250
8993500019875,MARIMAS,3250
8993500019905,MAARIMAS,3250
8993500010032,MARIMAS,3000
8992946511790,SHINzui,4400
8993587019997,TUTON ,5500
9678456897140,FOLIO,27000
8994834001918,GORIO MEGIC,4500
8992745540687,MITU BSH,2750
8994729100412,APACE MILD,9700
8994729200419,APACE MILD SLOP,97000
8998866181068,CIPTADEN TG,3500
8996001377000,COKI 1000,17000
8992821100026,ROHTO,12000
8998866608091,NUVO RFIL K,2700
8998866608107,NUVO RFIL K,2700
1001213ISTI,beras panen,54000
8992946521836,SINZU,4400
8999988881317,PENYEGAR BADAK,27000
8998899940342,BAIGON KERTAS,2000
8991115010126,BABOL DUS,29000
8992761122331,FRESTEA,5000
8992761122317,FRESTEA,5000
8995899250143,BON CABE,10500
8991102282765,KEJU KUNYAH,8500
8991102282468,KEJU KUNYAH,8500
8991991161332,SENSODENT,29000
4800318407739,SENSODENT,26000
9310042627501,SENSODENT,19000
8999909999442,MILD 12 SLOP,202000
8999909982000,MILD 12,20200
8997018460167,MALBRO ICE BLAST,335000
8993005123015,CALADINE CAIR,15000
749921010414,NUTRISARI,11500
8993371100528,JAE SUSU,11500
8998866607315,SOKLIN 1 KG,23000
8999999042592,RINSO CAIR,5250
8998866608749,SOFTENER,5000
8997035600546,POCARI 1L,10000
8997878002873,MILKITA,21500
8991102283373,MIN Z,4500
8993058000905,BINTANG 7,72000
8999908285102,BODREX EX,1800
8991102302609,TENGGO,4250
88820309,CUSSONN TG,7250
8998103000589,CUSSONS TG,7250
8997011064904,MILKUAT,2800
8992761124052,anak lanang 5kg,60000
8993175538008,APOLO RENTENG,1350
8997031710034,OPTIMUS,8500
8992727003056,ATTACK,5000
8992694242618,ZWITSAL TALK,8000
8999999035723,CITRA SABUN,9000
8999999036508,LUX CAIR 100,7500
8999999195649,SARIWANGI 25,5400
8999999033163,LIFEBOY BT 70,11500
8992222060134,PIXY,8250
8993005124012,CALADINE TALK,9500
8999999003890,CITRA HAZELINE PEARLY,28000
8999999717643,SIKAT BULU,7000
8993113021074,PEDITOK,7000
8999999000066,TARO,3500
8991002101722,ABC,9500
8999999036270,DAV VITAMIN,9750
8993496001083,SANIA 1LT,17000
8998866500135,PROTEXS,5200
8992702000063,INDOMILK CKLT,9000
8992933238112,POP ICE,10000
8999999000172,TARO B,3500
10011300ISTI,vit gelas,22000
8992761147013,COCACOLA,4000
8886020033431,KAPUR BAGUS,18000
10011299ISTI,HARGA 5250,5250
10011296ISTI,beras sr,250000
8995757412003,AMPLOP K,8500
8992765301008,GOL SILET,6750
4902430415729,CONDESIONER,5000
8992716109189,BISKUAT BOLU,20000
8994755020104,NYAM NYAM TIK,10500
8994755020098,NYAM NYAM STIK,10500
8994755090060,CAPES KREKES,900
10011294ISTI,LUWAK TG,2100
8998989300179,GG MILD,24250
8998989400176,GG MILD 1SLOP,242500
8993093664933,PATI 14,3000
8998866603836,WING K,900
10011295ISTI,tolak angin setengah,18500
10011287ISTI,beras panen 25kg,265000
10011288ISTI,abon toples,28500
10011289ISTI,sabun beauty,70000
10011290ISTI,teh gelas dll,20500
10011291ISTI,harga 2750,2750
10011292ISTI,DANGDUT,36000
10011269ISTI,KINGKONG,4500
10011270ISTI,AQUA TG,49500
10011271ISTI,BLACk,24600
10011272ISTI,kopi cap,21000
10011273ISTI,MONTALIN,35000
10011274ISTI,HARGA 7000,7000
10011275ISTI,HARGA 11500,11500
10011277ISTI,tisu besar,10500
8992753058914,SUSU KOTAK K,1400
8995555121244,KIMBO,19500
8994075260044,MOMOGI,9000
8992727005289,JAZ 1 KG,17000
10011276ISTI,TUTON SUPER,13450
10011280ISTI,TISU GULUNG,22500
8993496001076,SANIA 2LT,26500
8718291206538,PHILIP ULIR 24,47000
8718291206491,PHILIP ULIR,43000
8718291206453,PHILIP ULIR,39000
8852288220050,BOLEP 5 W,2000
6955388322623,BOLEP JARI,5250
8852288000553,BOLEP,2500
8888826019589,GILLET BLUE,7750
8888166992566,WAFER TOP,8000
7702018997633,GILLET KNING,6000
4902430289078,CAMAY,4500
4902430289092,CAMAY,4500
10011298ISTI,kapal api pc ,5300
10011297ISTI,LUWAK B,4250
10011293ISTI,KAPAL API TG,2650
10011283ISTI,INDOMI GORENG,114000
8992714042068,CALPICO,1000
711844164789,MR JUCCI,1000
8997011060906,MILKUAT BNTAL,1000
7622210287212,BISKUAT,9000
8992747180102,VIXAL,10000
8992772191197,KISPREY,5250
8992772191180,KISPREY,5250
8992770033185,MASAKO,5000
10011279ISTI,harga,11000
8996001355831,BENG BENG,27000
10011281ISTI,wp merah,35000
10011282ISTI,harga 13000,13000
8992775316207,GERI,10500
8999908056207,H STAMINA,6000
8992946512285,ZINZUI,4400
8991102999465,BLASTER POP,13000
8994214113125,WISMILAK KRETEK,10650
8998899940267,BAIGON MAT,3200
8998899001364,BAIGON REFIL,7600
8998899940304,BAIGON REFIL,7600
10011284ISTI,WP BIRU,31500
8996001301289,ROMA SENWICT,7500
8999988888866,LARUTAN BADAK,4750
8998866608695,DAIA RT K,2500
8992770094117,SAORI,2200
8886008101336,AQUA MINI,1600
8992736980164,KENTAKI,2200
8996001305003,SARI GANDUM SENWICH,6250
8998103000565,CUSSON K,4000
8994171101074,WHITE CARAMAL,10250
8999999026240,BANGO MNIS PDAS,2200
8997878003511,MILKITA PAK,13000
8888166609563,SUJU ROTI,4500
8994171101777,WHITE MOCA,10000
8994171101760,WHITE VANILA,10000
8995026801019,MARS,15000
8995026801033,MARS,13000
8992727005388,MARIES PANTS,11500
10011285ISTI,SOTO BAWA,110000
9078,LINCY,7000
007916248847,TAWON DD,26500
7622300335755,OREO,21000
8993379500238,SUNCO 2LT,38500
8997878003504,MILKITA ISI 36,16000
8991115010027,BABOL RT,8500
8996001306963,SLAI OLAI,22000
8993338000625,OKEY PLAST,2000
8993338000526,KOYO HNGAT,5000
8993338000724,KOYO PANAS,6000
8888103205018,BEBI OIL,12500
8992759244021,nice k,5000
8998866200691,KOPI GULA,10000
8992761122430,FRESTI,5000
8992388101023,GRENTEI,5000
8886007821297,POCI RT,9250
8992727005340,MARIE PANTS,11500
8888166606128,MALKIS,4500
8992933453119,ANGET SARI,11000
8992770033178,MASAKO,5000
4902430304597,DOWNY,5000
8995151221232,PUTRI,12000
8992832602731,CASABLANGKA,12500
8992832601192,CASABLANGCA,13000
8992832601161,CASABLANGCA,13500
8998866607872,EKONOMI,1900
10011251ISTI,satu slop korek kayu,35000
6955388322609,BOLEP,5000
10011252ISTI,TELUR 1 Kg,26500
10011253ISTI,TELUR 05,12500
8996001300053,MARI ROMA,9000
8992832601024,CASABLANCA,8250
8992832601031,CASABLANCA,8000
8999999406936,SUPERPEL 400,5000
8999999390181,SUNLIGHT,8750
8999999036751,SANSILK SOFT CREAM,1700
8993417001178,OVAL K,8750
8999999003760,CITRA PINK JUMBO,18000
8992761122324,FRESTY,5000
8999999036416,SUNSLIK VTMIN,7500
8993014615068,BB HARUM SARI,10000
749921010711,NUTRISARI,11500
8992727005425,XL,14000
8992761136161,COLA,7500
8992696429970,CARNATION,8750
8999999002503,BANGO,12500
8993500019943,MARIMAS,3250
8998866183215,MAMA 400ML,6750
8999999000189,TARO B,3500
10011278ISTI,moto tnggung,13500
8991002101364,ABC WHITE,10000
8998866603799,SOKLIN LANTAI,5000
8993498210261,ANTIMO ANAK,13000
8992767010113,FRES SIRUP,22000
8999999037178,DAV CONDISIONER,10000
8998899001470,BAYGON 600ML,35000
8998899400334,BAYGON 600ML,35000
8998866183208,MAMALEMON,1850
8996001304013,SLEI OLAI,9000
8996001304037,SLAI OLAI,9000
8998181941132,DANHIL FILTER,16700
8999999043940,MOLTO,5000
8998866608848,DANGDUT,900
8994214110162,DIPLOMAT 16,24900
8994214545490,1 SLOP DIPLOMAT ,248500
8992741975995,YUPI DOS,10500
8991002121003,GODAI,5500
8992222050241,GATSBY,7000
8992222050258,GATSBY,12000
10011254ISTI,gula pasir,13500
8992858658200,ENTROSTOP,7000
10011255ISTI,karet merah,14000
10011256ISTI,TAPAK LIMAN,11500
10011257ISTI,TAPAK LIMAN HIJAU,8000
8999999041151,DAVE,9750
8994324300583,KELLY SABUN,15000
8999999043957,MOLTO,5000
8996001520130,MIE GELAS,10000
8997033730054,OPTIMUS,8500
8993500212009,KOKO BELUK ICE,9500
8999999036607,LUX,4250
8993560025007,DETOL,5400
8993560025021,DETOL,6100
8992979120013,TOTAL HARUM,10500
8999999043780,CLIER BOTOL,10000
8990800020013,MENTOS,6000
8996001308042,SARI GANDUM,21000
8998989500166,GG KRETEK 16,16100
8994324300637,KELI LEMON,6250
8992747180201,VIXAL,16500
8999999040802,CITRA JAPANES,11000
8995151140151,MUSTIKA RATU,11000
10011258ISTI,HARGA 12000,12000
8991102020473,SIKAT FORMULA,2500
8991102020176,SIKAT FORMULA,2750
8996001302507,MALKIS,5000
8888166609662,SUPERCO,4500
8993014512213,PAREM,13500
8999999720742,PONS PDAT,8500
8992758110815,QUEEN,4600
8998103004549,CASSEN TALK,3000
8991002121034,GOODDAY,3500
8999999042462,BANGO BACEM,2750
8999999042448,BANGO BACEM,2750
8997025060527,BICOLA K,1800
8997025060213,BICOLA K,1800
8999999041939,REXONA K,6750
4800888161024,REXONA K,6750
8990090103021,CHIC PADAT,14500
8990090102345,SARIAYU DWIGUNA,25500
8995102703442,TRASI,5250
8999999031503,BLUBEN K,1800
8996006853387,FRUTY,5000
8991102380805,FULLO,10500
8998866803892,SOKLIN SENSASI,5000
8999999000158,TARO,900
8888166996823,NISIN,16500
8996001370865,COKI COKI,17000
10011260ISTI,harga15000,15000
4902430557146,DONI,5250
4902430557207,DONI,5250
089686424614,LOMBOK TG,5250
8991102020480,SIKAT FORMULA,29500
749921010339,NUTRISARI,11500
8991102022453,FORMULA SIKAT,32500
8993175531979,SIPP,9000
8991102022446,FORMULA,2750
8994834000775,GO MALKIS,4500
8886007821044,POCI KNING,29500
8992775312414,GERI SALUT,10500
8998866103954,SKAT CIPTADEN,2700
8992695705266,SENSODYNE,11000
8992725910608,LISTERINE 80ML,7500
8992725910417,LISTERINE 80ML,7500
8992725910400,LISTERINE 80ML,8500
8992725910332,LISTERINE 250ML,20500
8992725910424,LISTERINE 250ML,20500
8993212111102,COMBANTRINE 10ML,14000
8992933326215,NUTRIJEL,21000
8992933321210,NUTRIJEL,21000
8992855888068,AGER HIJAU,4250
8886020001096,KAPUR BARUS,20000
8999999039844,ROYCO BUMBU,10800
8991115004019,ALPEN,5500
8991115000080,ALPEN,5500
10011261ISTI,LILIN GAPURA,7000
10011262ISTI,harga 13500,13500
089686048704,SARIMI KECAP,3700
4902430557108,DONI,5250
8888166989344,MALKIS,5000
8991906101132,LA 12,18300
8998898151442,TOLAK ANGIN ANAK,27000
6955388322616,BOLEP JARI,5000
8998866609043,DAIA,9200
7622300405595,KEJUCAKE,20000
8993102120542,FANBO PUTIH,17500
8994214945573,DIPLOMAT MNTOL,18700
8992758110167,INTERBIS,13000
8992933254112,POP S,10000
8991102303002,TANGGO B,9250
8993102140151,FANBO GOLD,14500
8998866500296,MILJUS,7750
8993417200052,ELLIPS,7500
8992741980784,YUPI,10750
8997009670421,CIGARO,10500
8997009670605,ESCADO,10500
8997009670919,ESCADO,10500
8992952925758,CHO CHO,20000
8999099920509,SGM 1,12000
8991102381024,FULLO,10500
8888166996977,NISIN CRAKERS,5000
8991102282789,REMBO,3250
8991102230308,BLASTER,6250
089686043686,INDOMI IGA PENYET,2950
8992942307175,KINO PERMEN,3750
8993093665121,MI JAGUNG ROSE,4750
8991771200329,VITACIMIN,1500
8998009040115,TEH KOTAK RASA,2500
8998009040122,TEH KOTAK RASA,2500
8993498210292,ANTIMO,12500
10011263ISTI,tuton biru,8600
9415007014423,BONETO,2600
4902430603133,HEAD SOLDERS,9500
8991102303309,TANGGO B,9250
8998866101486,EMERON,3500
8996001302255,SARIGANDUM,15000
8997021620015,JAHE KLOP,8500
10011264ISTI,tanco mini,6500
8992727001076,PENTILENER,5500
8992727000376,PENTILENER,5500
8999090512468,SUKUN PREMIUM,8200
8993989311217,CLASMIL 12,168000
8993989311279,CLASMIL 12 ,16800
8999999043964,MOLTO,5000
8996001302538,MALKIS,5000
4902430508032,HEAD N SOLDERS,9500
8993058304317,MASUK ANGIN,9500
8992952950538,MARY QUEIN,21500
8992933107111,SISRI,3000
8996001370513,CHOKI CHOKI,17000
8998866608718,DAYA 380,4600
8998866803359,SOKLIN,5000
8999090512178,SUKUN EKSPORT,8400
8998667400269,KONICARE 60,17500
8993154150016,HOT KAKI,5500
8992741983778,YUPI DOS,10750
8992741986175,YUPI DOS,10750
8998866105125,MAMA LEMON,900
8998009010910,ULTRA MIMI,2500
8998898826128,KUKUBIMA,5500
8992942830000,KINO,3750
8888166336605,NISIN ,7000
8995227500582,CINCAU PANDA,5200
8999999038007,PEPSODET 123,3750
8992222071154,PIXY,18500
8992222071116,PIXY REFIL,24000
8992222071451,PIXY REFIL,19500
8992727005319,MARIES S,8500
8993989511679,CLASMIL,16700
8718291777236,PILIP ULIR 12,38000
8718291777199,PILIP ULIR 8,38000
8718291791874,bolep jari,28000
8718291791959,PILIP JARI 14,33000
8998866105774,ZINC 180ML,13000
8998866106382,ZINC 180ML,13000
8992727004558,LORIER MALAM,5500
8999999720025,PONS KOMPLIT,15000
8993014615075,BB HARUMSARI,10000
8997025690052,GARAM,750
8991102385367,WAFLE,8500
8990800016849,MARBELS,10500
8999999028695,PEPSODENT TG,3500
8992796034296,VIVA,11500
6921734903068,STAPLES,20000
8995227501046,KAKI 3 KLENG,4600
8992747180225,VIXAL B,23500
9415007004455,ANLINE ACTIFIT 250G,35000
9415007027614,ANLINE GOLD 100G,15000
8992727004862,ATTACK,5000
8999999046200,MOLTO,5000
8999999034139,BLUEBAND RT,11000
8994171101722,LUWAK MINI,5500
8992696417274,FOKS,4000
8998866888639,GIV,2650
8992761139018,ADES,1750
8999999716967,PONDS,13500
8998866105484,LOVEly,5000
8992946513701,FRAIS WELL,16000
8999999042608,RINSO CAIR 800ML,16000
8999999016128,RINSO CAIR 800ML,18000
8999909000353,U BOLD,118500
8999909000346,U BOLD,11900
8992741947534,YUPI SAK,6800
8995227501121,PANTER,3750
8994729200426,APACHE BLACK,132000
8994729100429,APACHE BLACK,13200
8999999007782,FAIR N LOVL,17000
8992752116233,MEIZONE,3100
8999909000117,MILD 16,18700
8992741955966,YUPI DOS,11000
8991102283397,MINTZ,4500
8999999036898,LUX CAIR 250ML,14250
8888166996076,NISIN KELAPA,5000
8998866200578,KARE SEDAP,2800
8998666001306,TORABIKA CREAMY,13000
8992775310182,GERY PASTA,10500
8994171101296,LUWAK B,18000
8994075260037,MOMOGI,8750
7622300761349,OREO GLAS,6500
7622300761363,OREO GLAS,6500
10011268ISTI,HARGA 7500,7500
8991919111951,MINYAK TELON,17000
8999999401023,MOLTO ,12000
8999999042387,REXONA RT,2100
8992726938298,INACO,2200
8998866604215,DANGDUT,900
28991002502851,MAYASI  DUS,10500
8994378921079,KUNIR ASEM,13500
8886022941512,ALKALIN A 3,14000
8992946528347,SINZUI,6000
8993500019233,TEH ARUM,2750
8991002307254,KAPAL API P,5000
8996001326275,KIS,6250
10011265ISTI,HARGA 6000,6000
8998866610087,TEH JAVANA,2500
8998968410202,HALIM COKLAT,19200
8991102300544,TENGGO B,9250
8991102383745,TENGGO B,8750
8991102302708,TENGGO,4250
8996001318430,BETTEr,13500
089686400861,CAOS BTL B,10500
8992736980133,TEPUNG SASA,2200
8992222091923,PUCLE K,10500
8998866200981,MI EKO,2300
8995227500285,KAKI 3 KLNG,4500
8992946520396,MINYAK,12500
8992772485012,COOLANT,5250
089686017793,SARIMI,1950
8992832130012,CASABLANGKA B,29000
8998866106054,SIKAT CIPTADEN,3000
8998899400358,BAIGON,18000
8998899400327,BAIGON+++,14500
8998866608992,SOKLIN,18000
8999999030186,PEPSODENT 123,12500
8802219085050,POLPEN,10000
8996838100550,NELCO K,14000
8992727002998,LAURIER B,7000
8992727003001,LAURIER K,3500
8993175538541,NEXSTAR,1800
8998989816236,SIGNATUR MILD,179000
8998989162203,SIGNATUR MILD,17900
8992736290409,SASA BAKWAN,2200
8999999034153,BLUBEN,7000
8998866106467,POSH PARFUME,19500
4902430401142,PANTINE BTL,11500
4902430399333,PANTINE BTL,10500
8999999043513,SUNLIGHT K,1000
8991002304802,RELAKSA MERAH,6000
8991001004758,FUNTIME,10500
8991001004765,FUNTIME,10500
8991001004543,FUNTIME,10500
4902430557139,DONI,5250
8992946522208,SHINZUI,8500
8992946529153,SINZUI SCRUB,14000
8992946529139,SINZUI ZCRUB,14000
8992946519338,SINZUI SCRUB,15000
8992946529115,SINZUI SCRUB,14000
8992946521829,SINZUI SCRUB,15000
8992946526855,SINZUIN K,2500
8999999045852,LEFBOY,2400
8992936224006,TONGCI,20000
8993500220059,FRUTZ,7000
8993500220035,FRUTZ,7000
8992741948050,YUPI BOX,10750
6924187830516,KWACI,17500
8886022971298,ALKALINE A2,14000
8888166992559,WAFER TOP,8000
8992946121029,TROPIKAL,25500
089686118018,OCHI OCHA,2750
089686816068,PEPSI,2500
089686810363,PEPSI,2500
8999999045906,LEFBOY,2500
8999999045869,LEFBOY,2400
8992933562118,TEH BTL SISRI,2500
8997014310893,BUKU KOTAK,18000
8993083930284,ZILUC 500,8500
8993083927833,ZYLUC STICK,1750
8992772215015,SOFEL  BTL,10000
8992304049743,GARNIER SAKURA,4250
8993175532464,NABATI TG,2200
8993560025014,DETTOL K,3400
8993560024987,DETTOL,5400
8993560025106,DETTOL,5400
749921010360,WDANK BAJIGUR,18000
8992741942362,YUPI DOS,10750
8998899001623,BAIGON B,3500
8998899001500,BAIGON K,3200
8993296210005,GANDUM segitiga,12000
8996001440353,ENERGEN JAHE,17500
8997025060206,BIG COLA KECIL,1800
8998103002989,SHAMPO CUSON,2000
8998866105316,KODOMO,2100
8998866105323,KODOMO,2100
8998866106047,KODOMO,2000
8888103003850,SAMPO CUSON,2500
4902430557153,DOWNY J,5000
8996001326435,KIS,4500
8992994110112,YAKULT,9000
8991906158884,DJ COKLAT FLTER,125500
8991906108889,DJ COKLAT FLTER,12750
8999999045760,TRESEME RT,9500
8999999045784,TRESEME RT,9500
8992714041085,CALPICO,5500
8992388133291,GRENTE,3000
8992858523201,ENTROSTOP 1 PC,2000
8999908071903,BODREX MIGREN,2200
8999999032326,CITRA HAZELINE,3750
8999999030698,CITRA HAZELINE,3750
8992796034494,VIVA,12500
8992933452112,ANGET SARI,11000
10011266ISTI,HARGA 5500,5500
10011267ISTI,PLASTK0.5H,2500
8993007001694,INDOMILK ,7000
8992933381115,SISRI,3000
8999999042899,SUNSILK,9750
8998866803885,ALL IN 1,14000
8998866803700,SOKLIN,5200
8992761167721,PULPY SAK DUS,52000
8992741990462,YUPI DOS,10750
88820286,BEBY OIL,22000
8992753631209,OMELA,8750
8992741944427,YUPI SAK,5500
8991002105492,KAPAL API 12G,9000
8993498210285,ANTIMO ANAK,2000
8999999003753,CITRA WHITE 250,18000
8994066110112,TOP LADY,7000
8991001301055,CERES,4500
8996196225452,CLOUDE 9,10500
8999999046996,LEFBOY KOTAK,7000
8992222060349,PIXY,7500
8998898335415,PEGEL LINU,12500
089686923001,SARIMI GLAS,9000
8996001320136,KOPIKO,9000
8992741952262,YUPI TOPLES,16500
8992696417076,KARNATION B,11000
8998898857122,ALANG SARI,6000
8992931025110,MULTI TISU,8000
8997004041714,SALJU,4500
8997004041707,SALJU,4500
8997004041691,SALJU,4500
8993189270338,CAM,8000
8998866105057,CIPTADEN,3200
8999999045876,LIFEBOY,2500
8999999037130,CONDISIONER,10000
8999999030179,PEPSO ACTION 123,5250
8999999044633,SUPERPEL,900
8997204780017,S CAFE,9000
8996200900023,HEROCIN,17000
8999999008062,SIKAT PEPSO,17500
089686923063,SARIMI GELAS,9000
8991102387248,TENGGO,1800
8992304047435,GARNIER MEN,22000
8993175538633,NABATI ROL,1800
8993500240026,MRIMAS COCO,2500
8993500240019,MARIMAS COCO,3000
089686910384,SOTO SPESIAL,1850
8997016370376,MIRanda,10000
8992696401143,MAGGI TOPLES,22000
8992696401167,MAGGI TOPLES,22000
8991002121065,GOOD DAY BTL,5000
8992696430266,MILO KOTAK,4500
8993226365256,GARAM,2250
8996001302620,MALKIS COKLAT,9000
8993111212504,GARAM,1000
8991002108141,YA OKE,9000
8997025060008,BIG,3200
8999999045890,LEFBOY,2400
8999999045883,LEFBOY,2500
8999999045838,MOLTO,5000
4902430557122,DONY,5250
8992826112215,KUNCIMAS,34000
8998225800043,MINYAK 2 lt,37000
7118441647418,MR JUSSIE,1000
8997010261311,PANDAS,2200
8718291791997,PHILIP 18,35000
8992761125035,HARGA 3500,3500
10011259isti,HARGA 9000,9000
8990800016580,ALPEN MONS,12500
8993102170059,FANBO PARFM,8500
089686611687,Q TELA,900
8992222090506,PUCLE GPENG,8500
8992222090469,PUCLE GPENG,8500
8992222090445,PUCLE GPENG,8500
8992806740681,SCOT BRITE,2200
8992772198035,KISPRAY,5200
8998866605137,CLING,5000
8991102023719,SIKAT F,27500
8991102023702,SIKAT GIGI,2350
8992806740841,ASAHAN,2200
8992727002578,BIORE 250,14000
4902430594721,VICKS SASET,2100
8999999396749,SANLIGHT CR,5750
8993218103309,SAKATONIK LIVER 310ML.,20000
8992727003803,ATTACK,15000
8913256494160,BOLEP JARI,8500
8992772315128,SOFEL BTL,10500
8993053641011,PASEO 24,5000
6933414103057,SOON RRT,1900
8991038110354,SELECSEN,5250
8998866103961,CIPTADEN SIKAT,2750
8992716109561,BISKUAT FAMILY,6500
8993189270680,CHAM ISI 2,26000
8995179100113,MINYAK GAJAH,27000
9311931184051,KOFEMI 1BAL,119000
8991906105758,LA BOLD 20,27100
8992741962292,YUPI BOX,10750
4902430660525,REJOICE,9500
8996001524091,BURYAM,9500
8999999045494,DAVE,9750
8992826111089,FILMA,35000
8997016370161,MIRANDA,9000
8994075750095,BISIBIS,1800
8997018484651,SUGUS,4000
8997018484644,SUGUS,4000
8991002103634,GODAY FREEZE,19500
8993500010124,MARIMAS,3000
8994118010018,GARAM MILINIUM,19000
8991102021241,FORMULA SIKAT,29500
8991102021234,FORMULA SIKAT,2750
8997016372288,SABUN SERE O,4500
8999225783107,KANA B,14000
8999999038571,PONS FW NIGHT,19500
8992855888020,AGAR PUTIH,4250
8996001600269,LEMINERALE,2200
8992952951313,CHO CHO TOPLES,10500
8999999045258,RINSO TG,10000
8997021220239,ABON PRONAS,2350
8998866603874,SOKLIN LANTAI,5000
8997016970040,MRICO,5000
8993560024253,DETTOL K,3300
8993093665138,ROSE BRAND,2750
8991906155753,LA BOLD 20,271000
8997009510116,WATER ORANGE,6250
8886007811533,SOSRO K,2600
24902430349080,ORAL B,2500
8993218311001,SAKATONIK TB,5000
8999999029357,SUNSLIK BTOL B,17500
8998866608459,DAYA TG,4600
8991002303829,RELAXA LIME,5000
8997016372523,SABUN SERE,7750
8991102387286,TANGO 52,1800
8991102386586,TANGO WAFLE,1800
8997567807277,TAWON LIAR,38000
8992694242502,SWITSAL,3300
8998866106337,ZINC MEN,4750
8995177101112,GULAKU,13500
8997018484705,DOUBLE MINT,10500
8999909000407,SAMP K SLOP,127000
8991818800710,SAMBEL PEDAS,12500
8999999050467,RIONSO C 500,2500
8992730950194,COKLAT COIN,33000
8992696405424,DANCOW,19500
8850389108277,MOGU MOGU,7000
8850389110768,MOGU MOGU,7000
8850389110683,MOGU MOGU,7000
8850389108062,MOGU MOGU,7000
8998866608855,RAPIKA 250ML,3000
8998866105927,SIKAT,2750
8998866606554,SIKAT,2750
8993417455414,SASHA,8000
8998866104371,EMERON,3500
8990800015927,BABOL,6000
8992727004169,LAURIER RT,4500
8992775311486,COCOLATOS BLACK,17000
8992775315095,GERY SALUT KOTAK,6000
4968306479585,KIWI B,16000
8992696422735,DANCOW,2500
8998866610230,DAYA RT,5250
8993039111255,MARI REGAL,9500
8998989850025,GGK 16,161000
8994324300767,KELLY MERAH,16000
8993175538572,NABATI B,6250
8993175538596,NABATI B,6250
8993500010025,MARIMAS,3250
8993500019837,MARIMAS,3000
8888166995666,CHIPY,3000
8996001320068,KOPIKO TYOPLES,23000
8992775317242,O DONUT,10500
8992742370683,SPONS SABUT,2500
8992742380972,POLITEK SERBAGUNA,2500
8992745540298,MITU BABY,10000
8992745130246,HIT MAGIG,10000
8992745130277,HIT MAGIG 1000,10000
8992746700899,CARERA POLES,12000
8992746700769,CARERA SAMPO,6000
8992745320685,STELA,9500
8992745320784,STELA,9500
8992745320050,stela,9500
8992745320074,STELA,9500
8992745550310,PROCLIN,10500
8998866104791,EMERON,6000
8991102228008,TEHGELAS K,1800
8994292111990,GUNTING TG,4500
8998899400204,AUTAN,5000
8886022941123,BATU A3,4500
8998009010231,ULTRA,4900
8998866609647,KECAP,5250
8993417455490,SASA,8000
8993417457449,SASA,8000
8994171101081,LUWAK KOPI GULA,12500
8996001318454,BETERR,9000
8993560024635,DETOL,3400
8994286130587,DANDANG BLACK,6500
8888900322109,MAKRONI,15500
8998866803908,ALL 1,5000
9415007030638,BONETTO,11000
8999999049454,REXONA ROL,16000
8999999002732,REXONA ROL,13000
8993175531993,SIPP,9000
8997011930612,LADAKU,10000
8999908060600,MARINA,4500
8999908214706,MARINA,4300
8999908060808,MARINA,4100
8999908060709,marina k,4100
4902430641180,DOWNY,5000
9415007039693,ANLINE AKTIFIT 250G,35000
9415007008033,ANLINE AKTIFIT 250G,35000
8997019580086,TISU GULUNG,2500
8992772198011,KISPREY,5200
6924187850989,KWACI,17500
8992727002066,BIORE 250ML,14000
8993102140113,FAMBO,12500
8993417455469,SASA,8000
8997016370406,MIRANDA,10000
8998866200110,JASJUS,3250
8998866200592,JASJUS,3250
8998866200103,JASJUS,3000
8998866200158,JASJUS,3250
8993500120175,ES PUTER,3250
8992957214307,MESES,3000
8997009070658,FRESGO,10000
8996001401033,TORABIKA DUO,10000
8992696430204,MILO RT,14000
8992696416598,FOXS,5500
8992856890473,SUMBER AYU 60ML,5500
8992856895270,SUMBER AYU 60ML,5500
8992856890428,SUMBER AYU 60ML,5500
8992856890459,SUMBERAYU 60ML,5500
8992856890466,SUMBER AYU 60ML,5500
8992856890398,SUMBER AYU 60ML,5500
8992856877160,SUMBER AYU90ML,7500
8992856895287,SUMBER AYU 90ML,7500
8992856890435,SUMBER AYU 90ML,7500
8992856890404,SUMBER AYU 90ML,7500
8992856877184,SUMBER AYU 90ML,7500
8992856877177,SUMBER AYU 90ML,7500
8992856897786,SUMBER AYU MANJAKANI,15000
8992856122550,LULUR SUMBER AYU,13500
8992856152502,LULUR SUMBER AYU1,15000
8992856102538,LULUR SUMBER AYU,15000
8992856111066,LULUR SUMBER AYU,15000
8992856152519,LULUR SUMBER AYU,15000
8998866105132,MAMA LEMON,1800
8996001302637,MALKIS CKLT KOTAK,6000
8992946528354,SHINZUI RT,6000
8993175536707,NABATI DOS,7750
8993496106979,FORTUN 250,4700
8992946522000,HEMAT 500,5800
8993039242522,REGAL,9000
8992796022101,VIVA BODY,4500
8998898825114,KUNIR ASEM,6500
8998103004488,BEBY  ,12500
8999999707774,PEP MHITE,5500
8998866878975,EKTRA AKTIF,2500
8992772485029,COOLANT,5250
8992727005951,SOFSOAP,4000
8998866600514,SOKLIN LANTAI,5000
8992942184042,COCOVAN,9000
8992911830352,KAPUR BARUS,2000
8999999045630,MOLTO,5000
089686598421,CITATO TG,4500
9415007014461,BONETO,2750
8994297101132,SUKASARI,6000
8998866602600,SOKLIN 1KG,15500
8999999049409,REXONA,13750
8999999049492,REXONA,13500
8999999049430,REXONA,14500
8990800019482,HAPPYDENT,16000
8999999046132,MOLTO,5000
8992727005876,EASY CAIR,5000
8999999045661,MOLTO,5000
8992727005845,EASY CAIR,5000
8998866603867,SOKLIN LANTAI,4500
8992304009204,GARNIER MEN 100ML,25000
8992304009006,GARNIER MEN 100ML,22000
8998866201001,TOP SUSU,12250
10011286ISTI,SPESIAL,110000
8998866609159,SOKLIN CAIR,5000
8991102387262,TENGGO,1800
8997205640020,KAYU PUTIH RINJANI,13000
8992804900568,SARDEN PRONAS K,6500
8992804900575,SARDEN PRONAS B,13500
089686018011,SARIMI DUO,3600
8992727005074,BIORE 100ML,20000
8992775305034,MALKIS,9000
8998103011813,CASSENS,7250
089686060775,CAP GORENG,3900
48955553,PENSIL ALIS PONS,5000
8992775913000,COKLATOS SUSU,18000
8992775212134,KC TELUR,9000
8999999046644,ROICO,5000
8990090110043,ALAS S AYU,10000
8996001350539,WAFER ROMA,1800
8992745320289,STELA KLENG,13000
8992745320302,STELA KALENG,13000
8992745320326,STELA KALENG,13000
8999999045616,MOLTO,5000
4902430413220,HARGA 2750,2750
4902430413183,KOPIKAP,21000
8993058300807,KOMIX,1500
8998103011806,CUSSENS,4000
8992727004213,BIORE,11000
8992727005142,BIORE,12000
8992727005104,BIORE\+,14500
8992826112093,KUNCI MAS,13000
089686420210,KECAP,7500
089686420678,KECAP,15000
089686420036,KECAP,6000
8999999057176,MOLTO,5000
8999999050009,Sunlight 2000,1800
8993058104917,JOSS BLAND,12500
089686041705,IND JUMBO,3750
8999999043483,TRESEMI,10000
8998866106511,LOVELI,4000
8998866106528,LOVELI,4000
8999999057183,MOLTO,5000
8999908204202,MY BABY TELON PLUS,16250
8998898337440,TOLAK ANGIN CARE,11250
8886030633904,PORSTEX,11000
8997878001364,MILKITA RT,5000
8999999056971,BANGO RT,11000
8992745326724,MITU 100G,3500
8998866101516,EMERON 100ML,3250
749921010445,NUTRISARI,11500
8993058105013,EXTRAJOS,12500
8992745560173,TISU 50,9750
8992745560166,TISU 50,9750
8992745540717,TISU,5000
8992750540856,TISU 20,5000
8998866603539,SOKLIN LANTAI 800,13000
8998866805414,soklin smart,19500
8995227501008,KAKI 3,4800
8992753094363,SUSU BT,2850
6980071254035,LED 9W,14000
8998866608398,SOFTENER,4750
8993417162145,RESIK V,7000
8998866100717,MAMA LEMON,12000
8999090512666,SUKUN FILTER 12 ,13000
8999090512673,SUKUN FILTER 12,130000
8992696421646,FOXS,5500
6921836386721,SISIR,3500
8992902151008,MALBORO KL,24250
8994016004607,TISU,7500
8995177102058,GULAKU,14000
711844340008,TRASI ABC,4500
711844110182,KECAP ABC,2000
8999999047245,RINSO RT,5000
8999999046651,ROICO,5000
8999988881010,LARUTAN SASET,29500
8997035600553,POCARI SASET,16000
8992761002022,SRPIT,4100
8992761002039,FANTA,4100
8999999047221,RINSO RT,5000
695665472325,LIPSTIK,8500
8999999026370,DOVE,6000
4902430642057,DONY,5250
8992799154014,DULCOLAX,9500
8992826117326,MASKU,11000
8991102020466,FORMULA SIKAT,36000
8993189270321,CHAM SYAP 5,2850
8997009539605,PADIMAS,10500
8997009539629,PADIMAS,10000
749921030337,HILO,13000
38992933451115,KOPI SUSU JAHE,9000
8993093135006,TEPUNG KETAN,11250
8995757404404,AMPLOP MERPATI,13000
8993500120090,ES PUTER,3000
8992775311998,CHOKOLATAS,16500
8992714072065,CALPIKO,1000
8993351160269,REALGOOD,1000
8991102020459,SIKAT,3000
8992003783672,ANTANGIN JUNIOR,10000
8998009050022,KACANG IJO 150ML,2600
8992304015298,GARNIER MEN,25000
8996196225254,CLOUD 9,10500
8992750540900,MITU,3100
8993225411220,COKI PERO,4500
8996001302682,ROMA ABON,1800
8996001302699,ROMA SEAWED,1800
352027655771,FOLIO,40000
8886012895207,KAPUR BARUS,1650
8999999045623,MOLTO,5000
8995227500261,KAKI BTOL B,6250
8992222052979,GASBY ,5000
8992222050401,GASBY 30G,5000
8992832601017,KASABLANKA K,8250
8998103004556,CUSSON10075G,6000
8995179100106,GAJAH 60ML,14750
8993560033286,VANISH 180,7500
8992952924485,CHOCHO,19000
8993175537360,NABATI,7750
8999999057695,LUX CAIR,2750
8998866200899,MIE SUKSES,3600
8998866200882,MIE SUKSES GRENG,3700
8998866803731,SUPER SOL,900
711844120341,ABC SAMBEL,6000
711844120327,ABC CAOS,5000
8992770061058,SAJIKU,2200
8992770061010,SAJIKU,2200
212,LINDOR,13500
8992796056144,LIPSTIK VIVA,13000
8992796056199,LIPSTIK VIVA,13000
8992796056069,LIPSTIK VIVA,13000
8992796056014,LIPSTIK VIVA,13000
8992796056076,LIPSTIK VIVA,13000
8992222071871,PIXY REFIL,24000
8993137685696,WARDAH,31000
8993137685719,WARDAH,30000
8993137685702,WARDAH,30000
8993137680424,WARDAH,30000
8993137680400,WARDAH,30000
8993137680394,WARDAH,30000
8993137688642,WARDAH NIGHT,22500
8993137688604,WARDAH DAY,22500
8992796157315,PENSIL VIVA,31000
8992796157308,PENSIL VIVA,31000
8990090004755,PENSIL SARIAYU,17000
8999999030964,PONS SABUN,21500
8992628022156,BIMOLI,13000
8993014615433,BB HARUM SARI,10000
8999999057206,MOLTO RT K,5000
8993175538527,SELIMUT,1800
8996001524008,SUPERBUBUR,2500
8996001524039,SUPERBUBUR,2750
8996001524015,SUPERBUBUR,2500
089686017724,SARIMI REBUS DUO,2600
089686018080,SARIMI DUO,2750
6930574392543,PENSil alis,7500
8992761002015,COCACOLA,4100
8999999049034,SUNLIGHT,950
8992942297209,FRENTA,3000
8997021870540,HOT  N CREAM,10000
8992745140955,HIT 225ML,11500
8998899013107,BAYCLIN B,20000
8998899013077,BAYCLIN K,8500
8993496106986,FORTUN 500 ML,9500
4902430429382,REJOICE KONDISIONER 170ML,23500
316030086755,BUKU EXPEDISI,10500
314030086751,BUKU KWARTO,10500
315020086751,BUKU KWARTO K,6500
8992775900802,TOYA,8500
089686599077,CITATO 55G,7250
8998866803618,SOKLIN LIQUID,5000
8998866805407,SOKLIN LIQUID,5250
8718291791836,PILIP 5W,25000
8718291791911,PILIP 11W,33000
8999999057633,MOLTO,5000
8999999401252,RINSO 2 KG,30500
8998899013046,BAYCLIN 200ML,4500
8993365130036,MADU TJ,10000
8993365120013,MADU TJ,10000
8992942297360,SEGAR SARI,10000
8991002122017,ABC EXO,2750
6902482004412,SOON RRT,1600
8999999049508,REXONA,13750
8992753034246,SUSU SASHET FRESE,1250
8999999045647,MOLTO,5000
8999999057190,MOLTO,5000
8999999028213,MOLTO ESSENS 900ML,23500
8999999043445,MOLTO ESSENS BTL 800ML,28500
8999999042141,MOLTO ULTRA 1800ML,40500
8998866200912,MI SUKSES,2400
8993175539517,NABATI,1800
8990049000142,BUKU NOTA,2500
8998899001920,BAYGON,3500
8992727001328,BIORE 250ML,11500
8992727004114,BIORE 250ML,13000
8992727001342,BIORE refil,15000
8888166994393,SERENA,2000
8888166998179,FANTOS,1800
8998866610223,DAIA 1KG,20000
8998866608312,GIV,2650
4902430428316,REJOIS BT B,20000
8992696426481,CARNATION,11000
328019586477,GELATIK NOTA,3250
0123,NOTA JAGO,2500
8991389248034,NOTA PAPERLIN,2500
8997013671414,COFEGOOD,2400
089686043334,IND GORENG,2150
8997004540088,TEH JAWA,16500
8997004540101,TEH JAWA,23000
8992936214014,TONGCI,31000
4902430418300,PANTINE 170ML,21000
4801010560432,JOHNSONS,2750
4801010561507,JOHNSONS,2750
711844120082,CAOS BT,5000
8999999057237,RINSO CAIR,5000
8999999048242,SUNSLIK,10000
8993172960475,COCOCHIP ZOR,10500
8993176111262,KAYU PTH,8500
8996001304099,SLAI OLAI,10500
089686827798,COCOBIT,4500
8993989511617,CLASMILD,167000
8888166338401,TEXA,9000
8997004041806,PUDINGTOPLES,13000
8998866803694,SOKLIN800,22500
8999999048167,SUNSLIK,10000
089686401721,CAOS,5750
089686821086,ICHI OCHA,2500
8998866603409,RAPIKO,5250
8999999056186,LEFBOY CAIR60M,2750
302048957361,BUKUGMBR,30000
8993175539463,ROLSCOKLAT,9000
8998127912264,LUCKYSTRIKMIl,20500
8888166996083,BISKUITISSIN,7500
8998666001696,TORA BIKA DOBLE UP,13500
8991111152059,MILATA CAIR 50ML,14000
8993118934027,MISHOR,10500
8999999400903,MOLTO,6000
8999999400934,MOLTO,6000
8990090004748,PENSIL ALIS,20000
8992696426528,CARNATION besar,14000
7622210476043,CHIPS AHOY,6500
8992716108878,BISKUAT PACK,2800
8993351160368,REALGOOD,900
8996001440520,ENERGEN,17500
8992222091534,PUCELLE,15000
089686043358,MIGORENG,2150
8998866201346,MI  SEDAP,2000
8992726938762,INACO,6500
8992726938366,INACO,6500
8992726938861,INACO,6500
8990090311501,FACIALFOAM,14500
8999999059316,LEFBOY,3700
8999999059309,LEFBOY,3700
8991234535494,SUNKIST,3000
8998866102605,KODOMO KOMPLIT,8000
8991182082385,TEMU LAWAK,32000
8993417165016,RESIKV MANJAKANI,7500
8993175538558,NEXTAR,18000
8999999052959,PONS FF,18000
8998866610377,ISOPLUS,2750
8993175536912,SIIP,1800
8998866604512,FRES,1500
8998866800204,FRES,1600
2652050001,SANTANKU,1200
8992727003087,LAURIERMLM35,8500
8993082311503,ORANG ARINGRITA,6000
8992727003018,LAURIER,4000
8999988888842,PENYEGARBADAK,4750
8992775311547,CHOCOLATOS,1800
8999999052973,PONS FF HTAM,18000
8999999048259,SUNSLIKBTL,12500
8998866200813,POPMIE,5000
8997021670010,KARTIKA,21000
8992304016967,GARNIERMEN 50ML,15500
8888166603554,KONGGUAN,78000
8999999055752,LOVLY SABUN,3000
8995899110140,KOBE,10000
8999908010605,MARINA K,5000
8999908082701,MARINA K,5000
8999908559401,MARINA K,5000
8999908045607,MARINA K,4300
8999908041401,MARINA COMPACT,9500
8999908040602,MARINA TABUR,5000
8999908041104,MARINA COMPACT,9500
8998888110213,MARJAN,18000
8998888110114,MARJAN,18000
8992942004395,CHEW2 BALL,8000
LD16-SMG-40308,HARGA,12500
J8888299758398,ALTECO,3750
8992628020152,BIMOLI,25000
8992694247163,SWITSAL,3300
8999999057640,MOLTO,5000
1100120010473,STANDAR,19000
8992696415409,FOXS,16500
8992696418509,FOXS,16500
DESPATCH,HARGA,25000
8995227502074,KAKI3,4500
8999999047252,RINSO C,5000
8999777004583,NIVEA,8500
8999777004293,NIVEA,8500
8997004041813,JELI,10000
8993060100211,BALPIRIK M,9000
8998866103114,EMERON,6300
8998866104920,ZINK BTL,7500
8998866103275,EMERON BTL,6000
8998866100557,EMERON BTL,6500
8998866105798,EMERON HANDBODY,6000
8994504602131,HELLO PANDA,10500
8994504602124,HELLO PANDA,10500
089686060744,POPMIE GRENG,5000
8999999047238,RINSO,5000
8993118431021,MI KREMES,4250
8992304047190,GARNIER CREAM,19500
8997035120013,POKARI SASET,1600
8991389300640,SIDU,18500
8999999059323,LEFBO,3750
8993351132709,REALGOOD,2200
8999999048518,SUNSLIK BTL,8000
8990090200430,SAMPO HIJAB,5250
8999999042905,SANSILK BT,8000
8999999048174,SUNSILK BT,9500
8990090100204,SARIAYU TABUR,13500
8990090200423,HIJAB SAMPO,20000
8998898101447,TOLAK ANGINN,37000
8995555141228,KIMBO,19500
8996001375297,CHOCI CHOCHI,34000
8998989400237,SIGNATUR MIL SLOP,237000
8998989300230,SIGNATUR MILD,23700
8998866101929,PEPSODENT SIKAT,2500
8995899110317,KOBE,2200
8999999048211,CONDISIONER,5000
8999999048280,SUNSILK,9750
8992752111818,MEIZONE,3000
749921030351,HILO,13000
8998866500234,MILJUS,7750
8994591070011,REDOXON,40000
8998866200561,MI EKO,10500
8995899110515,T BKWAN,2200
8995899130315,CIKEN,2200
8995899111024,TEMPE,18000
8998866604048,PEMUTIH,1500
8999999057619,MOLTO,5000
8999999057213,MOLTO,5000
8997013671469,CHO GOOD,2500
8999988772813,LASEGAR,4500
8999988772868,LASEGAR,4500
8992775717059,CLEVO,2200
8992775717004,CLEVO,2500
8992696427754,NESCAFE,10500
8992696420557,NESCAFE,10500
8999999043797,CLEAR H,9750
8998866105538,SIDIA,2000
8992745326755,MITU,10000
8998866101998,ZINC,8000
8998866106368,ZINC,7500
8998866104043,ZINC,7500
8998866100595,EMERON,6000
8998866104098,EMERON,6000
8991389300183,BIG BOSS,30000
8991389227251,AMPLOP B,15000
089686386615,RACIK,13500
8993189230103,CHARM 10 SAYAP,9000
8992796011303,FISTONIK,5000
8998866608923,SFTNER 900,21000
8718696482506,B,36000
8996001355862,BENG BENG,27000
8992112011017,ENERVON-C,5000
8990011998880,SABUN TAWON KCL,5250
8992761003036,panili mobil,16000
749921010803,LECI TEE,11000
8998866803281,TOP KOPI,4500
8992727004190,BIORE,14500
8996001600306,KOPI 78,4500
8991102381222,FULLO,10500
8994144766668,GOPEK SUPER,22500
8994144100059,GOPEK SUPER,22500
8998866805391,SOKLIN C,5000
8992942297148,FRENTA,3250
8996200900092,HEROSIN,11750
54920790,REALGOD 1 DOS,43000
8994573590254,SANGOBION,6500
8999999001247,SABUN CAIR,12500
8999999043773,CLEAR,9250
8999999003883,CITRA HASLIN,23000
8993175540025,NABATI DOS,8500
8992741984041,YUPI MASMELLO,10500
749921010827,NUTRISARI,10000
8998389134428,KREKES,4750
8998389121268,KELAPA,6000
8997208860210,MARICO,4500
8992753700103,SUSU KOTAK 225,4250
689439613472,LEMINERAL,38000
322351513286,POPMI BSR,83000
8991002306813,EKSPRESO,5000
8995899250150,BONCABE,10500
8994144100202,GOPEK CELUP,8000
8992779269004,KIT POLES,16000
8992779269202,KIT POLES,1500
8993110071508,sonice,19500
9415007040699,BONETO,30000
9888777510004,TEMULAWAK,17500
8997030960249,SABUN,9000
8992946522062,TROPICAL 500ML,6750
8993560033293,VANIS REFIL,9500
8994170102546,PINDY MINT,4500
8992775712627,MY TEA,3000
8992752121596,VIT LEVITE,3200
8991389300114,BUKU HALUS,19000
8991389300121,BUKU KOTAK,19000
3564567663957,EXPEDISI 200,16000
8992003150245,SRONGPAS,18000
8991906201733,DJ COKLAT RETRO,9200
8993189270291,CHAM 10,4000
8992775318041,GERI,8500
8999999059781,SUNLIGHT 5000,4600
8998866805353,SOKLIN LIQUID,18500
8998866608985,SOKLIN LIQUID,8000
8998866608763,SOKLIN BILAS,8000
8998866605144,CLING,4500
8888166321106,SALCHEES,7500
8998127912288,LUCKY STRIKE,10900
8999999502409,ROYKO,5000
8999999502393,ROYKO,5000
8993175539227,NEXTAR,18000
8992775310212,GERI PASTA,17000
8993118937707,SUPERIOR,8500
8994075260297,MOMOGI,8500
8998866200639,TOP KOPI,3500
7622300464431,OREO,16500
8992741944465,YUPI BOX,10750
8996001520291,MI MEWAH,7000
8999999056841,PONS,21500
876547895542,BUKU,29000
9415007041252,BONETO,26000
8997013671407,KOPI,2400
089686380613,BUMBU AYAM,3500
089686420241,KECAP RT,11000
8999999502379,KECAP BANGO,12000
8993989361618,MAXUS,12500
8999909000377,AVOLUSEN,32500
8997011930223,TUMBAR,5000
8992775302293,GERY,17000
8992942004449,CHEW BAL,8000
8997010795816,POLIO,38000
8993176812312,GELIGA CREAM,8000
8999999053031,PONS FF,29500
8990800012414,ALPEN LOLY,9000
8999999053048,PONDS FF100ML,27500
8993007005975,INDOMILK BANANA,3500
8998866200646,KOPI,10000
8993496107105,SOVIA BT,7500
8993118622498,KREMES,4250
8992933235111,POP S,10500
4902430720267,PENTIN RT,9500
8998866107150,POSH,19500
8998866670814,WING EMBER,29500
8991906159997,MLD BLACK,256000
8991906109992,MLD BLACK,25700
8999999500115,ROICO JUMBO,10000
8999818797405,LIM CAIR,2500
8995227502111,KAKI 3 BT,4500
8995227502128,KAKI 3 BT,4500
8995227502104,KAKI 3 BT,4500
4902430720281,HEAD N SOLDERS,9500
4902430720298,REJOIS,9500
9415007040026,ANGLIN,27000
8999999056988,PONS CREAM SASET,4000
8992745540830,MITU 1 BONUS 1,19500
8992745540823,MITU 1 BONUS 1,19500
8992745545088,MITU 1 BONUS 1,19500
8999999041229,DOVE B,19500
4902430566988,HEAD N SOLDERS,9500
8992752011033,VIT TG,1600
8995858888882,MIXADIN,2200
8999909000384,AVOLUTION,325000
4902430720274,PENTIN,9500
8993175539494,PASTA COKLAT,13500
8992770061034,SAJIKU,1300
8992775305102,GERY COCONUT,6000
8997021870328,HOT N CREAM B,15000
8998866803649,SOKLIN LIQUIT,18500
8998866805360,SOKLIN LIQUIT,8500
8998866200332,KARE,2400
8999909000490,AVOLUTION 20,325000
8994144100035,GOPEK S,6500
8992759214949,JOLY,4500
8992759184006,JOLY K,2500
8993053641042,PASEO BABY isi,16000
4902430566834,HEAD N SOLDESR,10000
8992772031011,SOFEL,5250
8998866201513,TOP TORAJA,9000
8992222050203,GASBY,9000
8992222052993,GASBY,9000
4987238100008,PEACOCK,12000
8994170102577,SWEETCO,5000
8999999052133,CITRA,2100
8999999052140,CITRA,2100
8999999052126,CITRA,2100
8998866605649,RAPIKA,5500
8992772198042,KISPRAY,5200
711844330016,ABC SARDEN,20500
8991002101807,ABC MIX,9500
8996006853400,FRUTIE,5000
711844330108,SARDEN K,9250
8993014731324,MADURASA,10000
8998866600095,EKONOMI,1850
8998866601863,PEWANGI,5000
8999999500214,WIPOL,900
8998103012650,CASEN BEB,4500
749921010780,NUTRISARI,11500
8999909000513,MILD LEMITED,23000
8999909000520,MILD LEMITED,115000
8995227502081,KAKI 3 ANAK,4000
8998989300247,SIGNATUR KALENG,42000
8998866604956,DAIA RT,5200
8998866610445,SOKLIN,4600
8992820115519,PRONAS,6250
8992820114260,PRONAS,13500
8992759324136,TOPLY,2100
4902430400886,PENTIN B,23500
711844330153,SARDEN ABC,20500
749921030375,HILO7,13000
8999999047269,RINSO CAIR,5000
8999999504038,MOLTO,5000
8999999504021,MOLTO,5000
8999999503970,MOLTO,5000
8992745560302,HIT 500ML,25000
8992745730231,HIT 500ML,25000
8992745560319,HIT 500ML,25000
8992745999881,STELA 140ML,9000
8992745999874,STELA 140ML,9000
8992745999898,STELA 140ML,9000
8999999502003,SARIMURNI,15000
8991389308059,NOTA,4000
8991389308035,NOTA,3000
8999999028701,PEPSODENT,9000
8999999027254,LIFEBOY CAIR,9000
8992745540359,PROKLIN,5000
8992942220009,KINO,3750
8999999504014,MOLTO,5000
8993417200427,E,52500
8993176111392,TELON PLUS,8250
8998866107488,ZINC,5000
8999999050474,RINSO,2500
8993176111354,telon lang,15500
8998866101509,EMERON,3500
8999909000483,AVOLUTIO,32500
8993500130013,MILKY GO,9500
8993500130068,MILKY GO,9500
8995102702025,MAMASUKA B,2200
8998898338416,TOLAK LINU H,12500
8992772586030,CHINKU,6250
8998866107525,ZINK,5000
8998103004495,BABY OIL 100ML,22000
8998103002965,CUSSON KID,2750
8888103003843,CUSSON KID,2750
8998866606158,NUVO,3000
8993417200441,ELLIPS,56000
8993417200410,ELLIPS,52000
8992796068017,VIVA SKIN FOOD,6500
8993137678759,SABUN,13500
8993137572163,CRIM PAGI,37000
8993137572187,CRIM MALAM,38000
8993137575225,ALAS WARDAH,32500
8993137575898,ALAS WARDAH,33000
8993137685436,ALAS WARDAH,33000
8993137685726,REFIL,30000
8993560025236,DETTOL B,6100
8997016370369,MIRANDA,10000
8718291777151,PHILIP 5W,33000
8994171102071,ICE KOPI,10500
8992858564105,GAZERO,10000
8998866201568,SEDAP AYAM,2150
8999908061102,MARINA B,7000
8992759218046,JOLI,10000
8999999059347,LIFEBOY,3750
8992736225494,SANTAN BUBUK,22000
8993296205001,GANDUM,4500
8998866609463,GIV CAIR,2700
089686923117,SARIMI GELAS,9000
8992696420373,KOKOCRUNCH,13500
8998866107518,ZINC,5000
8998866107495,ZINC,5000
8998866107471,ZINC,5000
8888166995475,WAFER TOP,8000
8998866609852,SOKLIN LIQUID,1850
8996001304129,SLAI OLAI,17500
8996001304136,SLAI OLAI,17500
8998989852029,SRIWEDARI,120000
8995151221225,PUTRI,12000
8993176812336,GELIGA CREAM 60G,11500
8993496106870,SANIA,25000
8993093664674,TAPIOKA,3250
8992753004034,BENDERA POUCH,17500
8992753004010,BENDERA POUCH,17500
8999999059354,LIFEBOY,2800
8998866610070,SOKLIN,4600
8999777867249,NIVEA 100ML,21000
8992696428690,NESCAFE GREEN,17500
8995555171225,KIMBO,19500
8888166609839,OZLO COOKIES,7500
8996001305041,ROMA SANWIDS,6750
8999999501457,CLEAR,10000
8888103201218,CUSSON BABY,12500
8998103000602,CUSSON BABY,11500
8999999502386,BANGO TG,2250
8997032680541,TARO 3D,1800
8993176803105,TELON LANG 100ML,23500
8991688889372,KADABRA,900
8999999501983,SARIWANGI RT,15000
089686827781,COCOBIT,4500
8994504602117,HELLO PANDA,10500
8991102385121,TANGGO,8500
8992858564211,PROMAG CAIR,9500
8888166336599,WAFER NNITO,16000
8992745940135,STELA,8500
8992745940142,STELA,8500
8992745940128,STELA POCKET,8500
8992745326816,MITU TALK,3500
8998866107068,MAMA LIME 200ML,3700
4902430697941,REJOICE,10000
8998899994543,BAYGGON 600ML,35000
8997016370413,MIRANDA,8000
8992775203408,GARUDA ROSTA,9000
8991906108384,MLD HTAM ,16600
8991906158389,MLD HTAM 12,166000
8998866107143,POSH,19500
8998989520126,SRIWEDARI,12000
8992802064019,ZEE,32000
8992772631013,SOFEL,10500
8992946121012,TROPIKAL,18500
8995899250648,BONCABE,21000
8999999048181,SUNSLIK 170ML,20000
8999999040291,CITRA RT,4000
8992745550228,PROCLIN 180ML,6500
8999999059880,RINSO METIK,10000
8993175540339,NABATI HANSEL,18000
8998866605922,FRES,10000
8998866605939,FRES,9000
8998866605953,FRES,11000
8998866605946,FRES,11000
8998866606912,FRES,11000
8998866606905,FRES,11000
8998866606899,FRES,10000
8998866606882,FRES,11000
8995078800084,U MILD 12 slop,117500
8995078800008,U MILD,14700
8999909000605,DJI SAM SOE,174000
8999999059903,POND AGE MIRACLE DAY,31000
8999999059934,POND AGE MIRACLE NIGHT,33000
8999999048488,SUNSLIK BTL 70ML,8000
8996001304143,SLAI OLAI,17500
8998866803977,CIPTADEN SISTEMA,5000
8992742360844,POLITEX GRENJENG,2250
8997011931626,DESAKU BALADO,1800
8992775717042,CLEVO B,3200
8998866608862,RAPIKA,3000
4902430745703,DONI KECIL,5250
8997009530237,PADIMAS POLLA,8000
8993351160252,REALGOOD,2200
8994755030523,GOOD TIME,10500
8997009530275,PADIMAS POLLA,8000
8994214995318,DIPLOMAT IMPACT,11000
8994796161279,AROMA SLIM 12,8400
8994796161248,AROMA SLIM 12,78500
089686048001,SARIMI GULE,2600
8993417212178,ESKULIN JEL 50ML,6500
8993417212147,ESKULIN JEL 50ML,6500
8993417212123,ESKULINJEL 50ML,6500
8993417212116,ESKULIN JEL 50ML,6500
8993417212154,ESKULIN JEL 50ML,6500
8993417212161,ESKULIN JEL 50ML,6500
8993417212222,ESKULIN JEL 100ML,11000
8993417212246,ESKULIN JEL 100ML,11000
8993417212277,ESKULIN JEL100ML,11000
8993417212215,ESKULIN JEL100ML,11000
8993417212260,ESKULIN JEL 100ML,11000
8993417212253,ESKULIN JEL 100ML,11000
8993417215216,ESKULIN SPRAY 105ML,12500
8993417215223,ESKULIN SPRAI 105ML,12500
8993417215247,ESKULIN SPRAY 105ML,12500
8993417215230,ESKULIN SPRAY 105ML,12500
8999908056405,HEMAVITON ACTION,6000
8993560025243,DETOL,3400
8992696423749,DANCOW,2300
8995899250112,BONCABE,10500
749921010858,NUTRISARI,11000
8998866107549,EMERON,5000
8998666001924,TORA CAFE,11500
8995899250617,BONCABE,21000
8999999039103,DOVE BTL,11500
8999999045531,DOVE KONDISIONER,11000
089686596465,LAYS 68GR,9000
8997878001357,MILKITA RT,5000
8992952951108,CHO CHO,10500
8992942017203,FRENTA,3000
8999999058357,PONS FOM,17000
8997211620054,NATURAL TM,27500
8998009011696,MIMI,2700
8992775717011,CLEVO,2500
8997025060183,BIGCOLA,3750
8991906108896,LA BOLD 12,17700
8995205301200,CICI,1300
8991906158891,LA BOLD 12,177000
8997205240015,AQUA TG,1600
8992304009143,GARNIER MENS K,15000
8998866105934,SIKAT CIPTADEN,2500
8998866102681,SIKAT ANAK,3000
8998866802314,WPC 250ML,7500
8996001600313,KOPI 78,4500
8991002121089,GOODAY BTL,5500
8998866200127,TEEJUS,3000
8992802064026,ZEE,32000
8997025060169,BIG COLA,3500
28992717781029,1DUS KARA,100000
8993500130082,MILKI GO,9500
8993500130075,MILKI GO,9500
8999909000711,MAGNUM MILD,24100
8999909000728,MAGNUM MILD,241000
8999999036904,LUX CAIR,14000
8992933713114,NUTRIJEL,5000
8992933714111,NUTRIJEL,5000
8999999001124,LIFBOY 250 ,18000
8999999716004,SANSILK,8000
8992772198059,KISPRAY PARFUME,6000
8999999055769,FAIR N LOVLY,13500
8999999034160,BLUEBAND 250GR,10750
089686530001,PROMINA,12000
089686530209,PROMINA,11500
8993189272974,PAMPESR XXL,30000
8993176803204,GANDAPURO 60ML,13500
8991389248058,NOTA,4000
4902430566858,HEAD N SOLDERS,9500
8992222060110,PIXY,8000
8998009020193,BUAVITA,6500
8993175540827,NABATI B,16500
6925733781245,TUSUK GIGI,3000
8993379121211,MEDICAR,3000
8993379260026,MEDICARE,2200
8993351160658,REAL GOOD,2200
8993351160559,REAL GOOD,2200
8992775709047,GOOD MOOD,4000
8999999035563,PEPSO EXPERT,21000
8993137572194,WARDAH NIGHT POT,37000
8993137572170,WARDAH DAY POT,36000
8993137692472,WARDAH BRIGHT,23000
8993137690867,WARDAH BB,27000
8992933711110,NUTRIJEL,5000
8992933712117,NUTRIJEL,5000
089686440430,indofood rendang,5000
8888166998711,nissin cheese,1800
8992745380825,stela daily fres,12500
8992745326694,stels daily fres,12500
8992745380191,stela daily fres,12500
8991906151410,mld p 12 slop,150500
8991906101415,mld p 1,15100
8992959508312,sweaty xl,14000
8993175537919,selimut,4500
8997032680534,taro besar,1800
8994755010334,TimTam,10500
8992775310328,gery,17500
8994755010310,TimTam,10500
8993175533799,Selimut,4500
8999909000551,malboro htam,307000
8999909000544,malboro htam,30700
6916896204405,staples kecil,6500
8992772195089,kispray btl ungu,11000
8992772195010,kispray btl kning,11000
8997009230045,salicil cito,4500
8998866602730,pewangi,14500
8992222282680,lipstik pixi,40000
8992222282697,lipstik,40000
8990800019703,mentos mint,7500
7118441101378,kecap abc,17000
089686552010,go well,9000
089686552003,go well,9000
8998127912394,luckey bold,15600
8999999056858,ponds cream 40g,40000
8999999719418,vaseline 200ml,25000
8999999041175,dove 160ml,19000
28999999043780,clear btl,9000
4902430660563,rejoice rt,9500
8998866603683,sab4n fres,2000
8993351160757,real good,2200
8992222282796,eylener,37000
8992222072458,pixi foom,13000
8992222072502,pixi fom,13000
8992828831534,laserin,8000
8998866670739,wing 900,5500
8999909000650,Mild 16 hijau,25700
8992826112017,kunci mas 1/4,3150
8998866602716,pewangi 450,6250
8990090025637,chic lipstik,12500
8998866100229,kodomo,5250
8851932221528,ponds flawes 25g,35000
8999999507381,sunlight buah,1800
8992745320067,stela,9500
4902430693455,downy,5000
8992761166229,frestee k,3600
8997021870618,baljitot,9000
8993365131538,madu tj btol 150g,17500
8993365170018,madu tj panas dlam,17000
8999999506544,sariwangi rt,5500
18998866500705,floridina1 pak,33000
8993379210854,harmony,2500
8992304009167,garnier 100ml,25000
8993496107068,sovia,33000
8999999509811,wipol rt,5100
8992727006170,biore foam,14000
8993093665848,santan,2600
8998866106146,mama lime,1800
8993226365515,garam gyuri,2000
8993226112508,garam revina,3000
4987176000552,vick balsem,28000
8992942183199,frenta,3000
8992946530357,Hemat,24000
8850389108048,mogu mogu,7000
8850389108055,mogu mogu,7000
8850389114438,mogu mogu,7000
011747233965,kacang dk,9000
8992761166212,freastea k,3750
8992761166205,freastea k,3750
8992761003029,sprite,48000
8993989361656,maxus,118000
8999099920547,sgm 400,36000
8992696418370,nescafe clasik ,6000
8998866200097,jas jus,3000
8992753182206,bendera kotak b,4250
8998866105156,mama lemon,14500
8997214430032,pepaya,11000
8998666001900,tora cafe,11500
8998899995502,autan,5000
8992942017166,twisco,9000
8992942017180,twisco,9000
8992942017142,twisco,9000
4902430753333,rejoice,10000
8991906151724,76 16 ,181000
8999090512369,w mld sukun,11600
8992933482119,pop ice krispi,18500
8992933481112,pop ice krispi,18500
8992933483116,pop ice krispi,18500
8993110081248,sonice daling,19500
8993189322037,mamypoko,4000
8993189321740,popok perekat,6250
8996001350515,super keju,9000
8996001350522,super keju,9000
8998866602747,softener 900 ml,14500
8993176721966,elang 30,9500
8998866600538,soklin lantai,5000
8999999500917,SUNSLIK KONDISIONER,5000
8992753100309,bendera gold rt,10000
8999999049478,rexona,14000
8997025060176,big,3200
8999999514006,bangau k,2800
8991906151137,la 12,182000
8999999052997,fom 20 grm,18000
8999909000773,malboro black,18300
8999909000780,malboro htam 12,183000
8998866608879,rapika,3500
8997025060152,bigola,3250
8998866605106,cling btol,8500
8992745550242,mitu,10000
8998866679572,soklin lantai 800ml,12500
8997032821272,essea change,31000
8998866610261,daia 350g,4600
8992696520103,dancow rt,34000
8993175542241,nabati,1800
8992695190208,panadol,14500
8992761145118,soda ,3000
8999338313888,hitop b,14000
8886022930240,batu k,8500
4902430685856,doni,5000
4902430759229,kondisioner,10000
8992760121090,oreo ,6500
7622300484071,oreo,6500
8996001305126,roma cookies,18500
8999999048266,sunsilk b,20000
8993039242584,marie duo,10500
8993039242591,marie duo,10500
Q8888166610507,bIG royal,21500
9415007040019,anlene,27500
4711036008200,hatari,5000
8997025910594,apilo,4500
8993110071102,sosis jumbo,27000
8991904151016,senior  slop,147000
8997032822279,ESSE CHANGE,180000
8992753700509,bendera kotak,3500
8997032821302,esea berypop,26000
8998866107556,emereon,5000
8992222091947,pusel k,10500
8992832601635,KASABLANCA ROOL ON,12500
8992832601666,KASABLNCA ROOL ON,11500
8993093664605,tapioka,5500
8993093665602,rose brand mnyak,4000
8992775000014,cokolatos,16500
8999999520274,rexona bru,19000
896866800966,dueto,4000
089686690019,inti gandum,5000
8997032821227,beripop suflle,26000
8999999515515,molto,5000
8993371100429,jaewangi,8500
8888166610491,togo,21500
8993175544498,nabati combo,2750
8993175541626,nabati 1000,9000
8993175541640,nabati 1000,9000
8997011050228,bolep,2500
8992959508299,sweaty,12500
8992959508305,sweaty,12500
8999999059330,lifeboy,2850
8993176120004,geliga cair ,14000
8992933259117,pop es,10000
8999999520267,rexona cwek,19500
8998899013015,baiklin k,2500
8992753005994,susu cair coklst,8250
8992753005970,susu cair gool,9400
8998898809107,kunir asem,13500
089686690002,inti gandum,5000
8993176111279,elang 60ml aroma,17500
8997016371632,lulur herborist,11000
8999908010704,marina white,8000
896866800034,dueto,4000
8996001302996,superkeju,9000
8998866601504,baiclin,3500
8992858063011,procol,3000
8993379200879,harmoni,2250
8997211620139,serum,27000
8993137688628, day crem 2tube,24000
8993137688666,night crem tube,25000
8992772191098,kispre,10500
8998866107501,zink,5000
8992761151096,pulpy,2500
8995555111238,kimbo 500,22000
6940509501025,isi staples,10500
8999999027278,lifeboy cair,17500
8992745550334,proclin pouch,5500
8992745330134,fogo,6000
8997205030081,aishaderm day cream,25000
8997205030180,aishaderm foom,25000
8997205030074,aishadern body losen,22000
749921010988,nutrisari jus,18000
749921010971,nutrisari jus,18000
8993500120205,gotem,3250
8998866201629,top 1kg,17500
4902430428408,condisioner rejois,10000
8999999035747,citra,12000
8992741956307,yupi,10750
8992959117613,softek daun sirih,4200
8999999045265,rinso,18000
8999908284907,telon my bzby,21750
8993082275508,rita kemiri,6500
8991002109353,fresco,10500
8999999515164,hanbody hijab,1750
8999999518417,rinso molto,5000
8999999518394,rinso molto,5000
8996001603185,prima,8500
8996001603178,prima,8500
8998898806441,Madu kembang,10000
8993137690942,fom wardah,13500
8999999511272,fom pons,3000
8999999007799,fair n lovly,31000
8999908041302,marina compek,8500
6923872938872,alkohol t lawak,20000
8999090102157,sukun ssb,8200
8999999707842,clusap,11500
8992727002837,biore pack,10500
7753312157117,pensil,11000
8998866611121,wing,1850
8992761164591,minute maid,6000
8992727003810,biore 100ml,7500
8992727001670,biore 100ml,7000
8992727002851,biore 100ml,7500
8991002115477,kapal api 380g,21000
8994374101116,dr fish sarden,7000
8997021870564,hot in cream,25500
8993082261501,rita,5500
8998667101487,paramek nyeri otot,2200
8993351160856,relgood,2200
8998866610742,nuvo,2650
7622210726247,oreo,5000
8999999504588,bluben,1850
8992858667202,prokol,4000
8901526209897,semir garnier,15000
8992959117606,softek daun sirih,4200
8999999514617,bango 400ml,17000
8996006857873,teh botol,5000
8996006858269,fruit tea,5000
8996006855886,feuit tea,2000
8996006856869,teh bt kotak,3000
089686530100,promina,12000
8992741940795,yupi,10750
8992741948197,yupi,10000
8993175544412,rolls,16500
8999999523800,molto,5000
8992806145424,asahanscot brite,2200
749921030429,hilo scholl,26500
8999225783152,purbasari,15000
8851818936805,lorier,8500
8997014402031,temu lawak paket,20000
8992741983396,yupi,11000
8992741973588,yupi,10750
8998866609470,giv cair,2700
8998866805957,giv cair,2300
8992727005784,biore bodylotion,12000
8992727002561,biore,12500
8992727001656,biore,8000
8992727005043,biore,12500
8993560033583,vanis saset,3700
8993560033477,vanis saset,3700
8995899210529,nasi goreng kobe,16500
8999090512376,W MLD,116000
8999999045562,Vaselin,15000
8999999034726,Ponds Men,17000
8999999514204,Lux,2000
18998866608845,dangdut dos ,17000
8996001431030,beng beng drink,17500
8991389221037,buku gambar,18500
8999999041243,dove b,19500
8888166603431,superco 1000,9000
8999999502041,sariwangi 2000,10500
8997009530015,padimas,4500
8999999518530,molto deterjen,5000
8996001523216,mie gelas,13500
8997016370420,miranda,9500
8997016377757,miranda,9000
8997016370383,miranda,9000
8997016370345,miranda,8250
8997016370178,miranda,9500
8992628025157,bimoli ,3500
8997211620023,temulawak foom,18000
089686043273,goreng rica,2250
8999988778860,lasegar ,5250
8992761145026,sprit mini,2650
8995858192620,mixagrip flu batuk,2750
8991389247013,amplop bsr,18000
8999909000698,samsu,174000
8999909000629,samsu,17400
8992933104110,sisri,3000
8992775000250,cokolatos drink,18000
8993172960536,simba bar,21500
8998866201667,sukses greng,3700
4902430699761,kondisioner,10000
8998168001033,dragon los sp,12500
8991389301036,buku gambar,13750
89927537613052,bendera bubuk ,27000
8992753761302,bendera rt,28000
8999988778846,lasegar,5250
8999988778839,lasegar,5000
899999500672,vixal k,4750
8999999500672,vixal k,4750
8999999057022,SUPERPEL,10500
749921010896,wdank bajigur,17500
8997204302714,FINE CHOCO,13500
8997204302684,FINE CHOCO,13500
8992753102006,susu rt,8000
8993007001557,indomilk,7000
089686960020,moko moko,11500
8998666001917,tora ekspreso,14000
8936665568888,bolpoint,9500
8999999518981,rinso rt,5000
8994170102560,pindi lemon,4750
8993176721928,elang plus,19250
8997032821203,esse mild,24100
8997032822200,esse ,175000
8990800019802,babol sak,6500
8996001312254,superkeju pack,6200
8993175539197,hanzel,21500
8990333811126,choco pie,21000
7622210607300,oreo mini,18000
8997025060053,big cola 3lt,18000
8998866607889,ekonomi,900
8992753184200,milky,4250
8999999710873,pepso herbal 120ml,10500
8992753031894,susu putih rt,8000
8991038775553,catton bud,3750
8992775000038,cokolatos,1800
4902430799614,pantine,10000
7622210726285,oreo,4600
8999999510541,citra,2250
8997032821197,esse mild,24100
8994729100214,EXTREM,13800
8994993001729,garnier,4000
089686535105,sun,12000
089686535204,sun,11000
8997006048889,tisu makan,2500
8996001301371,klapa crem,21500
8992772586023,ademsari kaleng,6000
005570213,mazoni,4500
8992946523014,sport,12000
8992770096128,saori botol,11000
8992772198028,kispry,5000
1213212121jkjhkjk,Harga 19500,19500
8992745550396,mitu,19500
8992628510158,palmia,5500
089686060003,pop mie,4800
8999909000674,sampurna mild ,257000
8994171102200,luwak gula,9000
8886030323904,PORSTEK,18000
4902430787055,rejois,9500
8995899250259,boncabe,35000
8996001318911,beter bsr,1800
8992826111072,filma,12500
18992753031891,susu 1 dos,140000
8993560155070,strepsils,21000
8993560155087,strepsilk,19000
8995899250358,bon care bt,12500
8993175544764,nabati,4500
8993175545006,nabati,9000
8999908082800,marina,9000
8995588320157,bolep jari,5500
8998866803625,soklin,5000
8999999706661,sikat doble care,11000
8992753700608,susu kotak b,4750
8993560022723,detol,10500
8993560025410,dettol,3200
8996001356760,astor,16500
8998898855128,kuku bima,5000
8998866201841,GOLDA,2750
8888166610507,big royal 2000,21500
8999999524722,sunlight 455ml,9500
8991102022460,formula,2750
8999909000957,malboro mild black,181000
8999909000940,malboro mlid black,18100
8998866106214,emeron besar,25500
8992304047169,garnier  merah,14500
8992741941617,yupi masmelo,10750
8997032821388,esse change3,31000
8992826211017,filma 200,5000
8993058304812,bejo masuk angin ,28500
4902430803380,downy,5250
8991906151762,1slop 76 10,107000
8991906101767,djarum 76 10,10700
8999999527129,rinso,5000
8993189270673,charm,8500
8999999001100,lifeboy cair 250,13000
8999999001094,lifeboy cair 250,13000
8999908214805,marina bsr 200,8000
8993560026011,dettol cair,18000
8994755030639,good time,10500
8992796045100,liquid,5000
8991002113275,good day,12000
8993379500337,sanco 500 ml,7000
8999777006365,nivea,27000
8992946522215,lulur shinzui,8500
8992946522161,shinzui,8500
8992946522192,shinzui,8500
18998866602379,dangdut,36000
8992695725264,sensoden,10500
8992695554864,sensoden k,7500
8993110000010,sosis shake,4000
8992946519345,lulur besar,15000
8992946521812,lulur bsr,15000
8992946513398,lulur bsar,15000
8993379500221,sanco 1 lt,19500
8998866201810,mi tasty,6500
8994094000041,dairy star,9700
8996001523230,mi gelas ,13500
8997211580556,jan fiere,18000
8997211580372,jan fiere\,18000
8997211580426,jan fiere,18000
8997211580389,jan fiere,18000
8992946519369,sinzui body cleanser250,18000
8992946513350,sinzui cleansser 250ml,18000
8992946522239,sinzui cleanser 250ml,18000
8992946522246,sinzui cleanser 250ml,18000
8992946522222,sinzui cleanser 250ml,18000
8992775000533,gery.,21500
8992933462111,puding ntrijel,9000
8996001523247,mie gelas,13500
8998866501033,mjnyak 2 lt,35000
8995555211228,vigo sosis,22000
6281104950116,rani,8000
6281104950086,rani,8000
8992933325218,nutrijel,21000
8991001502230,chacha,4500
089686048049,sarimi gr,2950
8997027060013,lote tetes,10000
8991234416717,cincau ,4500
8991234416014,cincau,4500
8999999519452,clear,10000
8993335525107,total,8500
4974680032384,KIPAS FAN,45000
18997011481159,oats,8500
8997210980128,soon rrt,2000
8992952952488,cho cho 123,12000
8993176722222,geliga stik,5000
8992753720507,susu bendera merah,11500
8992727006316,biore,12000
8994286149107,dandang 2000,18000
8997031100064,valensia,12500
8998866105149,mamalemon,8000
8998899995496,baigon 500,34000
8999999520878,wipol,4650
8888336027630,kotex,4500
8997210990066,minyak gita,5750
8718696708996,philips led 6.5w,30000
8718696708958,philips led 8w,35000
8998866679664,soklin lantai,12500
8994148010002,kcang bledug,2000
8996001313626,choki stik,21000
8999999033170,lifeboy 170ml,15500
8999999033217,lifeboy 170ml,15000
4902430400947,pentin,24500
8996001305058,roma sanwich,6750
8901526211715,garnier semir,11000
8997014050010,ultraflu,3000
8999999518516,softerjen,5000
8998866100632,emeron,6300
4893049120084,ritz,23000
8999999520106,rinso 5000,4500
8999999524821,sunlight,1800
8993038150064,azano,8500
089686960013,moko moko,11000
8998866808729,royal pewangi,5000
8991002304253,relaxa cdwi,5000
8995026806175,mars bedak crem,22500
8998866604666,rapika,5000
8998866605755,rapika,5000
8994729200211,ektream,138000
8993111115003,garam,4000
089686049046,sarimi teri,2250
18998866200308,sedap goreng,98000
8999999524791,lefboy,2800
089686386622,racik nasgor,16000
8997003110299,davos rt,3500
8997003110305,davos,3500
8999999525880,rexona rol mini,4500
6937777120188,hendy,11500
8996001523223,migelas,13500
8998866106481,posh ,19500
8997878003634,jagoan neon,15000
ASX25,1dos spesial mik ,127500
9415007014447,boneto,2800
8993038150118,kapur barus,1600
8999999526856,molto,5000
8998866604673,rapika,5000
8997032821319,pop honey,26000
8999999526863,molto,5000
8718696701973,pilips 13 w,47000
4968306479592,kiwi bsr,14000
8992702019706,indomilk bubuk,25000
8992702019713,indomilk bubuk,25000
8998127912363,dunhill hitam 16,24000
8991001005526,top,10500
8992775204054,garuda,2000
8992745400103,tisu basah,9750
8992942017227,frenta,3000
8995026806199,mars,13000
8995026801026,mars,13000
8992772555012,promen,4500
8993500120212,es puter,3250
8997021870571,hot krim k,15500
8999999503413,superpel,900
8998866608237,soklin,900
1302050501247,implora,13500
8992741943703,yupi dos,10750
089686611670,q tela ,4500
8994292112874,gunting besar,12000
8994292080029,gunting  kcl,6500
8998866608244,soklin lantai,900
749921011053,nutrisari,11500
8994324300897,kely bedak,8500
8999999515171,hand body hijab,6000
8993007002967,susu 3sapi,12500
8998127912370,DUNHIL 20,31500
8888336027685,kotek,3250
8996001318928,beter 1 pak,27000
8999909000841,ubol,12000
8992856893665,sumber ayu sirih,6000
6920805676252,cater kcil,1500
8993175545433,bisvit,21500
8992775305164,gery salut,6000
8996196226251,cloud ,10500
8992753720705,susu jahe,8000
8992753720712,susu jahe,8000
9415007008040,anline gold 250ml,40000
8999999529819,clear,10000
8999999529291,molto rt,5000
8996001350676,superkeju,9000
8994796271299,aroma bol,12600
8994796271268,aroma bool slop,126000
8992759170580,joly tisu,7750
4902430772020,rejoice btl170,21500
8885015220061,insto,13000
8999999529284,molto rt,5000
8998866611206,fres parfum,11000
8998866611220,fres parfum,11000
8999999529833,clear rt,10000
7640129111121,asepso,6250
8851818936812,laurier mlm isi 16,15000
8992727003094,laurier 35cm isi12,15000
8999999500900,kondosioner,5000
8999999501990,sariwangi melati,6500
8992741984065,yupi,10500
8999999528843,citra,6250
8999999533496,bango rt,10500
8991002101852,abc now,10500
`8998866201896,teajus ,4500
8998866201896,teajus ,3250
8992741941631,yupi,10750
8999999518998,rinso,18000
18998009040020,teh kotak 1karton,67500
8994729200464,apache bold 12,109000
8994729100467,apache bold 12,10900
8994729200471,apache bold 16,148000
8994729100474,apache bold 16,14800
8998866604932,DAIA 1KG,15000
8998866601436,daia 1kg,16500
8999999531485,molto rt,5000
8991038776116,softiy 45 g,6000
8999999533731,citra,3000
8999999533724,citra,3500
8992775001363,cokolatos,17500
9556174811214,quaker oats ,12500
8999999526160,sunslik,10000
8999090512741,sukun  magno,13500
4902430566889,head  n solders,10000
8996006858108,fruitea,3500
8996006858160,fruitea,3500
8999999029616,clear 170ml,22000
089686687361,wafer wonderland,1800
8998866609456,giv cair,2100
18996001600228,kopi 78 1karton,54000
8999999526313,dove,10000
8998866604963,daia,4600
8994993001675,garnier,4000
8995227502197,kaki 2 bt anak,4500
8995227502210,kaki 2 anak bt,4500
8995227502203,kaki 2 anak bt,5000
8999999531232,royco,2000
8999999526894,rinso,5250
8991002505049,chochorol,1800
8991002505025,chochorol,1800
8992775000274,chocolatos,1800
8999999531218,royco b,2000
8999999531225,royco b,2000
8999999524814,sulight 5000,4800
8999999534097,pepsodent,3000
8992745380689,mitu talk ,7000
8992803658156,PLASENTA,17500
8992803659849,PLASENTA,17500
089686043204,mie greng aceh,2950
8992775305188,gery matcha,9000
4902430821827,downy rt,5250
8999999500641,rinso 5000,4600
8888166610750,malkis,5000
8999090522641, slop sukun ssb ,82000
8991002103955,goday 1pak,55000
8991002103450,goday 1pak,55000
8991002103856,goday 1pak,57500
8991002103351,goday 1slop,55000
8999999536619,rinso rt,5000
8992796034500,viva,12500
8998866107662,posh,19500
8998866107679,posh,18500
8992796011501,air mawar,5500
8999999526290,SUNSLIK PLUS KONDISIONER,10000
8999999528935,citra ,12000
8999999528942,citra ,12000
8993110000294,realgood 180ml,3500
8994214984954,diplomat mild slop,187000
8994214945580,diplomat mtl slop,187000
8886022810269,batu besar,11500
8998009010927,ultra mimi,2500
8992741942812,yupi dos,10750
8999999533717,citra sabun,3000
8999999049447,rexona matahari,13500
8994993002429,garnier crem,19000
8992702000025,ENAK ,9000
8992772570206,Tesona,25000
8993110000270,realgood,3500
8997211580402,jan viere,18500
8992775214008,kacang atom,9000
8992772578011,tesona ,6250
8997011931565,kunyit halus,10000
8993560022716,dettol,900
8996196000202,piatos,17500
749921030467,helo banana,13000
8992772613088,plossa,11000
8994170102805,glaze,6500
8994170110008,gingerly,4500
8999999526795,CTRA,10000
8999999533434,clear man ,10000
8886052801183,hapyy danes,7000
8996001301432,cream roma,35000
8997014050096,ultrasilin,9250
8998866808248,soklin 575g,9000
8998866808231,soklin 575g,10500
8999999533274,dav,10000
8993175545945,nabati,1800
8998866804516,giv,1900
8999999533298,dav sampo,10000
8999999055776,fair n lovly 100g,22000
8998866612173,soklin 800,23000
8998866888615,giv,2650
749921011060,nutrisari,11500
8998866201926,miayam gr,2350
8992832601055,casablanka k,7500
8998866607988,soklin lantai,5000
8993038150071,azano,8000
8992741943482,yupy,10750
089686018103,sarimi rebus,2800
8996001321195,kopiko,21000
8998127921594,lukky bold 16,16600
8999999531508,molto,5000
8999999528850,citra k,6500
8992727001700,biore 450ml,19000
8992727004121,biore 450,19000
8992727002592,biore 450,23000
8991380700029,garnier ml,24000
8999777010638,nivea roll,15000
8999777004484,nivea roll,15000
8997008671856,brasov ,20000
8999908053909,talk my baby,9000
8995899130346,kobe kentuki,1000
8999999530648,sunlight 500,5000
8997009539506,padimas,4500
8997009539520,padimas,4500
8997009539513,padimas,4500
8993007006385,indomilk 190ml,3500
8999908059604,my baby,2600
8999908009401,claudia,1300
8999908054203,my baby,2600
8995227502098,larutan anak,4250
8998866809252,soklin lantai,5000
8995125700909,choco toss,9000
8995227501022,kaki 3 anak,2750
8998866106764,serasof,10000
8997029370028,trasi,4500
8998866808859,soklin liquid,17500
8996001312445,malkis cream tiramitsu,6000
8996001312278,malkis keju manis,6000
8998899995090,baigon,35000
8999090512758,sukun magno,134500
8998899995113,baigon promo 225,14500
8998899995403,baigon promo,14500
8991001260260,chewewz toples,21000
8992942180006,frenta,3000
8992832601505,casablanca,17000
8718696822920,LED 10W,45000
8718696822883,LED 8W,41500
8718696484920,LED 4W,25000
8718291792031,PHILIP 23W,41000
8999999520885,WIPOL,9600
8992772613071,plossa,11000
8992946522178,lulur k,8500
8997008671849,aelener,20000
749921030481,hilo thai tea,15000
8998866611718,ekonomi cair,12500
8992753700905,frisian flagh 225ml,5000
8992753033744,frisian flagh 225ml,5000
8991002103252,gooday slop,55000
8997223620028,castol,6000
8998866608268,wings putih ,1800
8996001312261,malkis keju,9000
8992775110157,garuda kulit,4250
8996001357040,kalpa,1600
8997013148671,salep 88,94000
8992843120507,betadin salep,9500
8998866610278,daia tg,10000
8997211580624,jan vier,18000
8996001312353,malkis kelapa,7250
8998866609180,soklin liquid,20500
8888166609952,malkis kelapa,9000
8997008671887,braso,8000
8997007642178,animal,4500
328026587924,nota 3play,4500
089686060362,POP MIE,4600
8998866611510,nuvo cair,2200
8992304009181,garnier men k,15000
8995154600010,tjing tjau,18000
8999999519445,clear,21000
8999999029685,clear besar,21000
8999999038830,clear besar,21000
8990800021324,mentos marbel,10000
8999999528881,citra 230ml,19500
8990090025897,mirabella,45000
8990090025859,mirabella,45000
8990090025729,mirabella,45000
8990090027976,mirabella,45000
8990090025514,chik mirabella,12500
8990090025620,chik mirabella,12500
8990090025651,chik mirabella,12500
8995026806311,mars padat,21000
8995026806298,mars padat,21000
8995026806304,mars padat,21000
8992741981903,yupi sak,6800
8992775000601,gery gandum,4500
8991102100823,formula pasta sikat,10000
314010086757,kwarto,5500
8999999533281,dove,10000
8991188943062,sasa250 moto,8750
905200871125,sriti salep,6300
8993496105019,sania 500ml,7500
8999999528812,citra tg,10000
8888166606432,togo,4500
8888166610446,malkis,7000
8992727006859,jaz 250,4750
8998866809689,top capucino,16000
8998899940571,kiwi,11000
8999999529734,clear 160ml,25000
8999999513245,citra 250ml,17500
711844330009,sarden k,8500
4902430853170,downy B,5000
4902430853200,downy B,7500
8998866601870,pewangi besar,14500
8998866612241,soklin,5200
8992775001783,geri kelapa ,6000
089686043433,ind greng,2950
8999999008505,pepso expert,22500
8991188943369,sasa tanggung,4750
8992770011091,ajinomoto,9000
4902430772167,condisioner rejois,21500
8997023550099,laris,3500
4987176012210,vicks,24500
8990090025873,mirabella,45000
8990090025743,mirabella ,45000
8998898889444,madusidomuncul,11000
8998898888447,madu sidomuncul,11000
8993039242577,Marie Duo,10500
8998866612180,soklin b,4750
8991926101037,forte,13300
8991926101044,forte,13300
8998866106306,lovfly,5000
a,aqua b,4250
8998866611701,ekonomi cair,1800
8996252558999,sol bold,14000
8999999530358,CITRA,10000
8999909001213,Philip Morris,13500
8999909001220,Philip Morris ,135000
6901668053121,oreo roll,3750
8997228190014,sol,14000
9415007034414,boneto,2600
749921030436,hilo swiss,17500
749921011077,wdank durian,14500
8997221410010,Palamas,6750
8995899280119,selera saory,17500
8993007003650,enak saset,10500
8992741984058,yupi masmelow,18500
8888166341609,krispi pdas,6250
8998866612258,rapika ,5500
8993200664771,zesto,2750
8993200664726,zesto,2750
8993200664733,zesto,2750
8993200664740,zesto,2750
089686017885,mi dok der,2250
8990090220094,orang aring sari ayu,20000
8990090103014,two way cak,23000
8990090103045,refil chik,12500
8992753033713,bendera kotak225,4750
8990090026269,mirabela,24000
089686386004,perkedel,4750
8998866611114,rapika,3500
7622210580276,oreo roll,3750
899275018796,bendera,4500
8992753018796,bendera kotak,4750
8999999529673,clear ,14250
8998127921518,Ardhat,18900
8993175546072,hanzel,21000
8992753060412,6susu kotak,13800
8992696419162,nescafe clasik,5500
8991002115507,k.api signatur,70000
8991002115446,kopi signatur mik,16000
8991001502261,chacha,4500
8888166609600,lemonia,18000
8998866608558,soklin 800,15000
8998866610438,soklin 800,23000
8990090103038,chic,11500
8998168001064,dragon isi,6500
8990090100167,sariayu tabur,14500
4987176016522,vick saset,1250
8999908042606,my baby 250gr,12500
8999908060006,my baby 250gr,12500
8999908318305,my baby 100gr,7000
8999908208200,my baby 100gr,7000
8999908208309,my baby 100gr,7000
8999908042804,my baby 150gr,9000
8992775001806,gery kelapa,9000
8999999534264,dave,10000
8999909001022,maknum mildslop 20,227000
899990000971,maknum mild 20,17400
8997878003641,jagoan neon,15000
8998866609432,giv 250ml,12500
8998866609425,giv 250ml,10500
8999999531478,MOLTO,5000
8998127000015,ardhat,11000
8992942017449,frenta,3250
8998103001616,black plus,8000
8993137690836,bb cream,27000
8993137694483,wardah lip creem,50000
8993137693813,wardah lup creem,52000
8993137693776,wardah lip creem,52000
8993137697224,wardah lipcreem  ,52000
8993137694469,wardah lipcreem,52000
8993175546034,drilo,20000
8992806163831,scot brat,3500
8997021870168,frescar dos,130000
8999909000971,maknum 20,22700
10089686010043,indomi spesial,90000
8992858527308,hydrucoco,5000
1100120020472,standar biru,17000
8993175546362,nabati,1800
8886022941529,alkalin paket,24500
089686000061,mie telur 3ayam,4000
8993175545792,selimut besar,8000
8998866611503,nuvo 250 ml,10500
8998866602983,nuvo 250 ml,10500
8998866611480,nuvo 250 ml,12500
8998866610711,nuvo besar,3500
8991001903570,top 1000,21500
8994171101968,white coffe tarik,12500
8992696521797,milo tg,19000
8997211580396,jan viere,18000
8998008152062,bio tg,2000
8993007006521,milkuat kotak,2300
6936328046144,stales,20000
8999909000988,sampurna k,12800
8999909000995,sampurna slop,128000
8992752112013,mezon,4000
8991001005007,top1000,21500
8991102994422,tanggo walut,10500
8991102714495,tanggo drink,4500
8996001357064,kalpa,36000
8992726938663,inaco,6500
8992726953604,inaco,6500
8992726964808,inaco 1kg,13500
8999999530136,korea glow,3500
8994297101453,niki sari,21500
8992761151089,minulmaid,3000
8999988778815,lasegar,5250
749921011114,nutrisari,11500
8992741945790,yupi dod\s,21000
8998866809245,soklin,900
8998866611497,nuvo 250ml,10500
8999777004613,nivea mens,15500
8992832601222,casablangka,13500
8997230550011,sol,9500
8990800014210,ALPEN TOPLES,21000
8992770011220,ajinomoto 2000,1800
8999988778822,kaki 3 kaleng,5000
8992752112211,meizone,3750
8997028651173,panili,15000
8992761136031,sprit,14000
8997008671962,tutul braso b,10000
8997008671634,tutulbusa braso,4000
8990800013978,hepident sak,8500
8993175537810,nabati kaleng,21000
8999999529802,clear,10000
8999999540333,sariwangi rt,5500
10012251,harga 10000,10000
8992696418936,fok 90 gram,3000
8992946122002,tropikal,27000
8991002307360,copicendi,5000
8992752112518,meizone,3750
8993172960512,simba pot,10500
8997221410027,palamas,13000
8996001600610,tora cafe,2750
8999999514495,rinso c,4800
8999999037765,pepsoden225,11750
8999999530143,yuzu,3500
8999999530129,yuzu,3500
8997032821418,esse juice ,31000
8997032821395,bold banana,12000
8999999541903,pepsodent 75,3000
8991998110111,kopi caffino,10000
8991998110012,kopi caffino,10000
8991998110210,kopi caffino,10000
8998866612210,soklin,18500
8998666002549,tora milki ,11500
8992702000179,kremerr,8500
8998866201995,neo coffe,9000
8998866201971,neo coffe,9000
8992825733121,sogi,17000
8999999530341,citra ,5000
8992696521834,magic,4500
8992946531279,forvita,2000
8997021871097,frescare,11250
8998866201964,sabrina minyak,32000
089686850048,cafela,2750
8994286160010,dandang,18000
8992946531101,minyak sinzui,13500
8992946531095,minyak sinzui,13000
8991002304413,relaxa ,5500
8991002304178,relaxa,5500
749921011121,nutrisari,11000
8998008151058,miwon 250,9000
8999909001305,magnum isi 50,175000
8999909001152,magnum isi 50,43750
8999999533304,dav rt,10000
8991001005694,wafer selamat,17000
8992727006866,jaz5000,4500
8718696822968,led 12,53000
8998866181082,ciptaden 190,9000
8998866105071,ciptadent b,8000
8992770011169,AJINOMOTO 5000,4800
8991002115453,signature kopi,17500
8990800021386,alpen rt,5000
8997220840085,kus kus,8500
8998866611695,ekonomi mini,900
8998866609883,soklin likuid 240,4500
8997220840016,jely kus kus,8500
749921030573,hilo,13000
8999999001209,lifeboy 450ml,19000
8999999001193,lifeboy,23000
8992727002554,biore 450,23000
8999988778877,lasegar,5000
8999909001701,sampurna filter,134000
8999909001626,sampurna filter,13400
8995555221524,vigo,22000
8991906101620,jarum isi 50,75700
8991901101083,crystal,11700
8992752112310,meizone,3750
8992761147143,sprite lemon,5000
8994729200488,apache red,108000
8994729100481,apache red,10800
8995899110621,kobe,2500
089686386059,racik,15000
8998866808699,royal,5000
8991901151088,cristal,120000
8992741948708,yupi dos,10750
4902430870962,dony,5000
8994993004768,garnier,3750
8990800021973,mentos,6000
089686386073,racik,15000
089686386080,racik,15000
8991906151427,LA BOLD 16,234000
8991906101422,LA BOLD 16,24400
8992933215113,nutrijel b ,4500
8992946522031,minyak,6500
8999999537203,wipol rt,5200
8998866108003,emeron,5000
8996001350843,sperstar 2000 ,16000
8992741972482,yri,10500
6937777130026,hendy,11000
8995108509512,kwaci rabo,9000
8995108500151,kwaci rebo,4500
8991102022354,sikat formula,35500
8991102022347,sikat formula,3000
4902430894043,pantine,10000
8994297101309,cuka ss kecil,1800
8999999056872,pons malam,18500
8998866201827,javana,2500
8990090990034,kapas sariayu,5000
749921011107,nutrisari madu,11500
8991188943536,sasa kara ,2800
089686600513,cetos,9000
8992775001936,coklatos mocacino,10000
8992946531132,parfum zinzui,13000
8993175531696,nabati,8500
8998866611725,ekonomi 5000,4500
4902430894036,pentin,10000
8888166360211,golden malkis,5500
8888166360068,golden malkis,5500
8992222055697,gatsby rt,15000
8992222055703,getsby rt,15000
8992222055710,getsby rt,15000
8996001312438,malkis,9000
007916248854,tawon,19000
8995899203477,bon cabe ,21000
8998866612999,ekonomi,1900
8999909001923,dji sam soe 16,20700
8996001354018,kalpa ,21000
28886008101330,aqua mini,37500
8992753721047,completa,25000
4800037120339,londen,2000
8992753721122,frisian flaq 225ml,5000
8992946121005,tropikal 1lt,18000
8998000501769,zebra b1000,15500
8718699640538,led 19  w,90000
8999999549503,superpel,4700
8999999549497,superpel,4600
8997011931107,ketumbar,10500
8993007000062,indomilk kotak,3750
8997018250218,jahe merah AMH,9000
8992727006897,attak pewangi,5000
8992727006927,attak pewangi,5000
8992946513299,shizui,9500
8991102022477,formula sikat,33000
8998898336412,linu bebas gula,15000
18998866671726,ekonomi 500,54000
8996001600641,toracafe,2750
8991001502926,caca,9000
8991001503169,chacha,9000
8998866202343,sedap goreng,2950
8998866601429,daya,4600
8991002114005,pikopii,9000
8991102986977,fulo unicorn,17000
8998127111117,bentoel sjt,7800
8999090512475,sukunpremier,82000
8991906151274,mld 16,236000
8991906101279,mld 16,24100
8995102702643,TEPUNG PISANG,2200
8992832601475,casablanca,17000
8992802102018,coklat zee,17000
8999999554934,dove,10000
899429400222,apache k,8000
8994729400222,apache k,8000
8888166350076,square puff,5000
8996001301364,roma cream,1750
8999999056919,pond cream,18500
8999999536220,sunsilk,10000
8998866108126,posh899886,19000
8998866107952,posh rool on,13000
8998866107938,posh rol on,13500
8998866107945,posh roll on,13500
8992942017586,segar sari foda,10000
8993989331659,clasmild silver,20400
8993989331680,clasmild mint slop,204000
8997226620018,minico,7500
8995757800732,buku hc okle folio 100,18000
8992775002087,ting ting,6000
8993175547123,nabati tg,1800
8992832601062,casablanca,7500
8999999530662,lifeboy,2800
8998866202411,CHOCODRINK,18000
8991002330009,relaksa rt,7000
3516663740001,fermipan,5000
3516663670001,fermipan dos,20000
8998127000053,club,11200
18996001600266,lemineral tg,48500
8886057015516,1 krt kratimgdeng,220000
28996001600140,1 karton pucuk,58000
8993093664711,rosbren 2lt,21000
8993154150023,pendekar biru,5500
00,gula pasir,17500
8997014050225,ultraflu,3000
8992772485036,coolant,5250
8999999538279,bluben tg,2750
8999999060244,midoro besar,35000
8991002330504,relaxa,5500
28886008101057,beras 1 sak 240000,240000
4902430879583,pantine,10000
8997007642161,animal,4500
8998866602723,PEWANGI,6250
8998866100700,mamalenon,13500
8997034200068,beras mawar\lele,255000
8992775305003,gery  salut,9000
8888166610163,malkis,4500
0123456,Gula Pasir,13000
8999999554910,dav rt,10000
000015,soon soto,24000
8997217370205,camel slop,242000
8997217370199,camel,24300
8999999554903,dave,10000
8999999554897,dave,10000
4902430894609,dony,5250
4987176018403,vaporub,4500
FB190216002941,1 karton pucuk,59500
AD38283337,harga,17000
4902430400602,pentin besar,20000
8999168211118,esse max,15000
8992775002155,cokolatos drink,3500
8996501388070,led 7w,8000
8994170103307,mint z,5000
089686017199,sarimi,1350
8991902101563,mustang,6950
745114066206,yongma,20000
8888166999480,malkis nisin,9000
8888166999497,golden malkis,9000
8994251000372,golden malkis,9000
8992753033720,frisian flag,4500
749921010520,nutrisari,11500
089686694086,go vit susu,4500
089686535006,sun rt,11000
089686552027,gowell,9000
8999999543150,sariwangi teh tarik,17500
8999999525545,pep jumbo dobel,17000
8993176111415,gpu kream150g,17000
4902430869249,pentin 135 ml,20000
4902430869263,pentin 135ml,20000
899212025021,decolgrn,2350
8992696521629,DANCOWBESAR,4500
8992696521643,DANCOW,4500
8993189320279,chame 35,8000
8992775001844,cokolatos,9000
8997031671397,john black,18300
8999293364413,crem cess,9500
8999293364512,choco cees,9500
8995125701395,coklat toples,15000
8997013070026,pilkita,81000
8997031671373,john blend,18300
8991001005250,top delfi,21500
8996001603291,choco,12000
8998866612197,soklin,5000
8999293364611,pop es,9500
1205030000160,eyeliner,24000
1213030000028,maskara,22000
8993175547420,TIME BREAK,17500
OMRS50TP,jas hujan venus,85000
8997031671380,john blend,18300
8888103004352,cosson,7000
6931043385103,stapler,7500
8992741973595,yupi,10750
8991904101066,vip,12900
8991904151061,vip slop,129000
8992946531149,ume sinzui,13500
8990800021379,alpen rt,5500
8993175547611,gatito,18000
8997008010716,teko,2750
8998866613453,sokljn lantai,5000
8993110000621,milky jelly,2200
8993110000614,milkynjely,2200
8993176721690,gpu crem 60 gr,9250
8992727006996,biore,14000
8992761122515,frestee,5000
8998866671736,ekonomi,5000
8998866613002,ekomib,4800
8991002113701,guday white,10500
8996001523384,migelas,13500
8994148010033,bleduk b,12000
8992803661682,pepaya,6000
8997021871493,hot balsem,8500
749921011046,wedang bandrek,16500
8998127921754,danhil 12,17600
8993496110525,beras sania,57500
8998899995397,baygon 450ml++,26000
089686380361,indofod bumbu,8000
089686380262,bumbu indofod,8000
8992843103050,betadin 5ml,5500
8994391135460,trick,8500
8994391135453,trick,8500
8999908041203,marina padat,9500
8888166350489,monde cerena,4500
8994391135446,trick,8500
4033100066726,camel,22700
4902430923590,gilett,7500
8997021871516,frescare,11000
8992775001585,CLEVO,2300
8994391013645,TRICK,8500
7622210607287,oreo mini,17000
8994391135583,trick,8500
8999801700030,susu foyu,10000
8998127921709,danhill 16 p,24000
4033100066733,cameell,22700
749921011206,nutri rujak,11000
8999999558079,rinso,5250
8998866107099,tisu basah b,8500
1252010002003,pensil alis,7000
8993176720525,telon'elang nyamuk,4500
8888166341654,KRISPI MINI,6250
8992933286113,kacang hijau,9500
8991914151044,viper,164000
8991914101049,viper,16400
8997218010230,yohoo,4750
8997218010216,yohoo,4750
8997218010223,yohoo,4750
8998866202541,YUMMY ,9000
8999999558062,RINSO,5250
8992946519376,sabun cair,16500
8992775002469,gerry,9000
8997878001371,milkita,5000
8998866103978,sikat gigi,3000
8888166350007,blimbing kopy,9500
103975,sikat ciptadent,35500
4902430745864,gilett goal3,8750
8999999049669,rexona,14500
8996001304044,slai olai,5000
8992931005228,tesa 250,8500
749921010919,yuzu orange,11000
8998168001279,los bb,90000
8993365140356,madu tj,17500
8804382200025,superdol kcl,7500
8804382200018,superdol besar,8500
8993093665497,gula rosebrand,14000
089686043495,goreng,2950
8886007811342,poci renteng,10500
089686386219,racik,15000
8997226950054,minyak gelas,3000
8992696522336,nestle bubur,12000
8934804006444,saos tiran meggi,7000
8998866611534,nuvo cair ,2700
8995108509567,reb0,8000
8995108500052,rebo,13500
8995108500038,rebo,13500
8993175547635,nabati b,4500
8999999556112,rinso,2500
8993005112019,jf kuning,11500
8995108509550,REBO,8000
8998866611084,RAPIKA,5000
8997014450353,PROCISD,4500
089686401745,CAOS BTOL BSR ,9500
8993500019141,MARIMAS,3000
089686060102,pop mi goreng,4000
8991002109377,fresco capucino,14000
8999999556129,rinso kcl,2500
8999999549121,clier,10000
8996001603376,energen kurma,17500
8992936218012,tongchi bsar,28500
4902430928748,downy,5250
8993189329722,cham cool,22500
089686420425,kecap indofod,1800
8997033700460,poci kuning,29500
8992741962872,yupi,10750
8992741944809,yupi,10750
8994729500229,apache slop,80000
8999168211248,esse klik,32500
8999999538446,sunslik refil,4000
8999999538439,clear refil,4000
089686386097,nasi goreng,15000
8993560027001,detol handwos,16000
8993560026066,detol bodywos,20000
089686000016,mie 3 ayam,4000
8999999529628,clier,25000
8998866612890,giv,2650
8886007000067,poci hijau,28000
8991002122000,abc cocomult,2750
8994075260280,momogi,8500
8999999555450,vixal,4750
8992727006330,biore 100ml,23500
8992727005524,biore 100 ml,23500
8992727005159,biore 100 ml,23500
8992727003537,biore 100ml,23500
8992727005111,biore 100 ml,23500
8992727005135,biore 100 ml,26500
8992772195096,kispray btol,15000
8990800022581,mentos rol,25000
8990800022598,mentos rol,25000
8997003830258,gading,6000
8994251000631,kelapa ijo ,7000
18997003810127,pelangi mini,18000
8993560033002,Harpic,20000
749921011183,lokalate,14500
8993496107532,siip minyak,15000
8994834000225,goriorio,4500
8993200666263,cimori,2600
8998899013091,bayclin 500ml,9500
8996001301579,malkis klapa,6000
8851019510552,pocky,25000
8851019510545,pocky,24500
8997016379386,miranda,10000
899016370338,miranda,6
8997016373810,miranda,9000
8992870311084,salonpas,73000
8994966000148,famili n1lt,13000
8888166620339,klik,9000
8998866610681,toraja,9000
8992775001615,ckolatos,16500
8992758110563,peanut mini,5000
8997019490019,mila ,9000
5000101502965,carex ge,15000
8992003783375,permen antangin,6250
8997009510130,c 1000,6500
8991998111811,cafino gold,17500
8992946520587,forvita,5500
8998666002525,toracafe,11500
8998866201957,sabrina 1lt,15000
8990800022727,chupa chups,15000
4902430297219,head n solders,10000
8718699640491,philip 15w,65000
8718696822845,philip 6w,37000
8888103006882,cassuon tsu bsah,17500
8998103014388,cusson tsu bsah,17500
8888103006844,cusson tsu bsah,17500
8993093665480,gula rose brand,18000
8999999556426,rinso matic,25000
8998866101981,zinc,8000
8991908101536,ten,6000
8994391135699,trick,8500
089686000009,mie 3ayam,4500
8997021670409,sirup melon,12000
8991002114067,pikopi,9000
8995102707242,sambal pedas,7000
8993560033521,vanish,9500
8992772265027,antis,10000
7622210695819,oreo,18000
8999999552473,pepsoden siwak,6000
8999999540371,vixal rentng,5000
8993200666348,cimori,2500
929,koki sragen,12500
0,koki minyak,12500
8992761002008,fanta,4000
8998866201322,jasjus,3000
8992770061065,tepung,2200
8994170120007,krez krez,9500
8994170120014,krez krez,10000
8998666002754,gilus mix,9000
8999999528805,citra jumbo3,19500
8999999036942,lux,18000
8998866600521,soklin lantai ,4750
8999999533373,vaselin,21500
8992591180013,minyak 1l,12000
8888103000118,IMPERIAL,4250
8992717900310,kara bubuk,16000
8998989501125,GGK 12,12300
8998866612234,soklin liquid,5000
8997021871295,hotin cream,25500
8997021870908,hotin cream,15500
8990090412017,quick fresh,7500
8999909002661,sampurna maron,107000
8999909002654,sampuyna maron,10700
8993560033811,harpic saset,16000
8993560033828,harpic saset,16000
8998866613620,soklin lantai,5000
8999908042507,my baby talk ,8300
8999908059901,may baby talk,8300
8992772613064,plosa,11000
8995108500014,rebo 1 tenceng,4500
8998666002778,gilus mix,9000
8998666002730,gilus,9000
8998866610148,saniteser nuvo,6500
8996001301562,malkis rt ,9000
9415007050568,anline,34000
8993175548021,nextar,18000
8990800022611,mentos rol,25000
8990800022604,mentos rol,25000
8997021870588,HOT IN CREAM,25500
8995108509529,kwaci rebo,9000
8991906101521,JARUM WAVE,16700
8991906151526,DJARUM WAVE,167000
8993004785139,ring,9000
8993102116835,fanbo rose,16500
8992775000502,gery klapa kopyor,6300
8992775001998,gery sanwids,11000
8997210106108,korek nagoya,85000
8992772635028,sofel btl,12500
8998866202619,sedap kuah,2400
8998866806077,nuvo b,1900
8998866605151,cling,4500
8999908559500,marina uv white,8500
8999168211309,xplore,16850
8998103204420,hair lotion,17000
8998103011851,hair lotion,17000
8998103011349,sampo cusson,11000
8999909002821,malboro 16,24000
8999909002838,malboro 16,240000
7622201414474,biskuat,9000
8993560025465,dettol,5400
089686440584,bumbu indofod,5500
8997014050379,copy cup,21000
8992727005005,biore 250 ml,14000
8992727003872,biore 250 ml,14000
876547895672,bix vision,23500
876548756880,buku isi kecil 200,10500
8991389241592,buku kwarto 100,8500
312030086757,buku folio,15000
8997013170214,bestco,12500
8995757404305,amplop panjang,15000
8998866202626,Top gula aren,14000
8996001351918,zuperr choco,18000
8996001351871,wafello,9000
8999999049423,rexona,13500
8901526209910,garnier,15000
8998103100685,cussons tisu besar,17500
8995102703091,kuah bakso,5000
8996001350829,wafello bsr,1800
8992796034241,viva pink,11500
08999999139346,sunligh k,129500
8992772661041,amunizer,21000
8996001351888,Wafello,1800
8998866202725,milku,2750
8999999006006,rinso cair,18500
8992775002629,geri malkis,5500
8998866611237,fress colon,10500
8998866611213,fress colon,10500
8998866108799,zinc,5000
8993989151028,minak jinggo,9100
8992761164447,pulpy,4000
8998103017495,cussons,7500
8998103017488,imperial,13500
201390901023121,santan bubuk,9000
8997079800087,bokormas,10000
8997026933592,beras 5 kg,53000
8993481210278,begelan,5000
8992826117333,masku 2l,32000
8992761146597,soda plastik 1ds,33000
8998866613651,pewangi 800,13000
8997210720045,santan bubuk,9000
8999999554972,treaseme ,10000
8999999554989,treaseme,10000
8997225870032,KIKOYA JAJAN,9000
8997225870063,KIKOYA,9000
8997225870582,KIKOYA,9000
8997225870643,KIKOYA,9000
8997225870650,KIKOYA,9000
8997225870698,KIKOYA,9000
8993175548397,nabati kecil,9000
8991001004291,top,21500
8998866202732,milku,2750
8998866201681,jasjus,3250
8992727007290,biore ment,6500
8994170103505,milku candi,5000
415020082637,buku batik tg,6500
614037895425,kuwarto 100,10000
889728869829,lim liquid b,3000
8992933327113,nutrijel,1800
8999908054005,my baby,12500
8999999530440,rexona,14500
8997225870056,kikoya,9000
8998866201353,krisbee,9000
749921011275,nutrisari milk,11500
8992696523081,milo,2700
8998103008158,hair lotion,13500
8993560033309,vanis 425ml,21000
8992933323214,nutrijel ,20000
8992933327212,nutrijel 1dos,21000
8992933215212,nutrijel plan,50000
8992933323115,nutrijel,1800
8992933329117,nutrijel,1800
8992933328110,nutrisari,1800
8992933322217,nutrijel,20000
18886008101098,aqua besar,52000
8999999558086,rinso,5250
8992696522213,nescafe,4000
8992696523067,milo besar,4500
8999999554941,dave,10000
8993379241858,harmoni,2500
899222071130,pixi refil,19500
89922271130,pixy,19500
992222071130,pixy refil,19500
8992745999973,hit elektrik,10000
8993005124029,caladin,9500
8990090412000,quick n fres jel,9000
8990090120301,moisturizer,21500
18992752112010,mezon 1karto,43000
8998866613637,soklin lantai,900
8992770011060,ajinomoto 50,2500
8994993001170,foom garnier,3200
8994993001187,foom garnier,3200
8994993001194,foom garnier,3000
8992770060808,tepung pisang ,2200
6298044054576,starke,18000
10089686017745,sarimi gorng duo,71000
8998103002651,cream baby,15500
8998866607971,soklin lantai 800,15000
8992775002735,chocolatas milk,4000
011298711004,polpen,9000
18991002105482,sepesial mix kart,146000
8993175548694,nabati,1800
8998103014326,cream,15500
8993500120328,cocorio,3000
8996001520420,mi gelas ,13500
8990126500107,bolep primer,9000
8993500120281,cocorio,3250
8993500120298,cocorio,3000
8991001007469,cheweez,16500
8997236560021,solo,7000
8991001007452,coklat ago,10500
4902430772648,rejoice,21500
4902430697996,rejoice,10000
8990126500152,premir,13000
8998103100982,hair body wash,14000
8992933645118,pop es,10500
8998898842104,v c1000,9000
8998103011370,catenbad isi 50,2650
8998103004600,cusen crem,17000
88820293,sampo casen100 isi 200,11000
8998103011325,casen isi 2008998103011325,11000
8997012910736,0rbit,11900
8998866202275,kecap sedap k,1800
749921011237,nutrisari,11500
8991663000266,korek gas,75000
8997878004570,milkita,15000
8998866608824,kecap botol,26500
8998866202268,sedap spesial,20000
8998866202299,sedap tg spc,9500
8999999549480,sunlight crem,4750
9555401203273,roka,20000
8997236560045,solo filter,10200
8997207199984,skymild,13700
8992695534736,voltaren balsem,11000
8997168212234,juara,126000
8997168212135,juara,12600
8994148101120,kacang atom,4500
8995077602047,pilos,4500
38886008101047,aqua gelas,32000
8997050802178,huki,26000
749921030474,hilo candy,16500
8990126500053,premier,7000
8995899102183,kobe besar,1750
089686420418,kecap rt,4500
8992933459111,empon2,14000
8993102697174,fambo tutul,12000
8994796281601,aroma bool ,15700
8998866608008,botol midi kecap,6000
8998866608015,kecap botol 275,12000
8992761151157,nutri boost,4500
7781975101406,guntimg,4000
8990800021362,alpenlibe,5500
8719200177314,blue band,10000
8993175548199,ahh coklat,9000
8998989300292,patra,10800
8993038150040,kapur barus ,9000
8995077602054,tiktak,4500
8998866202770,padang mi,2900
8997033730184,mikako,9000
8998989400299,patra 1 slop,108000
8997021670089,kartika,17500
8990090400779,lulur s ayu,19000
8990090412055,quick sprey,15000
8992741943734,yupi,10750
8999908045706,marina besar,7750
8997012910439,orbit kretek,6500
8992628605151,amanda,6000
8998866608220,soklin lantai,900
8998866102322,sikat anak,3000
8991038774433,softly,4650
8997033700941,poci isi 15,12500
8990049000036,zapy 3 play,3500
8992741943727,yupi,10750
8992796022200,body lotion,5000
7622201402709,oreo wafer,6500
8992933644111,pop es,10000
8990800022437,qalpen,5750
8990800022444,alpen,5500
8992775000854,pilos,9000
8997878004556,Milkita,15000
8997213440032,santan bubuk,9000
8991389211021,buku gambar,1200
8998866606356,supersol jumbo,14000
8998866613750,supersol jumbo,14000
8998866602921,supersol jumbo,14000
8711500173744,philip 5 wat,10000
8997011700123,mi jagung,5500
8998866612906,giv cair,2300
8991906101453,jarum next,16700
8991906151458,1 slop next,167000
8999999031923,sikat pepsodent,2850
8992946522185,lulur zhinzui,8500
8998866202015,neo copy,9000
8992933236118,pop s,10500
8993417006036,oval,8750
8992772125024,ademsari air,1900
8995102703466,trasi juana,3500
8999999537197,wipol,4750
8999909001947,mil isi 50,70000
8996001305249,kelapa cream,8250
8992741943710,yupy,10750
8998898823967,permen t angin toples,37000
8998866609876,soklin 240,4500
8998866805377,soklin 240,4500
8999988778983,lasegar botol,2750
4987176023087,silet gol black,3750
8991038779094,selection beby 100,3750
40267647,uhu,6500
8999999561123,molto ,12000
8992696522664,megic,4000
8999999572327,pepsoden plus,3500
089686590135,chiki balls,9000
8997777020213,solasi nachi,4500
8992933646115,pop es,9500
8997079804221,forza,10650
8997079804238,forza slop,106000
8991115012106,babol,19000
8999999537180,clear,10000
8991910101517,rider,7500
749921011312,nutrisari,11000
749921011282,nutri sari cincau,11500
8998866107112,kodomo tisu,8500
8998103002019,sampo anak2,7500
8998103015415,sampo anak2,7500
8992770061027,sajiku,2200
4902430400879,pentin besar,23500
8888166610804,malkis seaweed,9000
8992112020088,ekonomi 1 dos,54000
8994796281618,aroma boll 16,157000
089686440287,opor ayam,5500
7622201402686,0re0,6500
8996001304433,slai olai,4500
8991389258392,kapur barus tr,1750
8711000070754240,e sepuluh,6500
8991002113640,goday fres,19500
8998866609784,giv,21000
8998866613040,giv 450,17500
8998866609746,nuvo 450,23000
0613200757261,tisu paseo basah 50,8500
8995077601750,pilos,4500
1011955341,solasi besar,13500
OD160852665860856,dangdut 1 dos,36000
1941915442,mineral,50000
3931995940,harga ,14000
8996001312582,malkis kelapa ,9000
8992709958947,kwaci,4500
8991002113886,g6day frez,19500
8997225840134,aoka,2000
8997225840028,aoka,2100
8888103004390,c4ss6ns,13000
8992800784803,puyer,7000
8992806152804,spon ,2650
8993053641103,paseo isi 25,9000
8998866202695,kopi mayor,5000
8991998111767,kopi gajah,9500
8991998111415,kopi gajah mix,10000
8997212800387,fox,5500
8990800023526,alpen rujak,5500
8997221161288,jahe merah,9000
8998866202282,kecap sedap rt ijo,10000
8998866610452,soklin rt,5000
8996001350850,star snaps,21000
8995077601682,tiktak 1000,9000
8995077601675,tiktak 1000,9000
8996001357101,crepes,10000
8996001318980,beter besar,5500
112010,mezon,43500
8997011931732,marinasi,10000
089686060133,popmi,4000
7622201430146,oreo 2000,21000
7622201430177,oreo 2000,21000
4902430897112,down,5000
8993189329739,cam malam 35 cm,26000
8996001600597,kopiko lucy,5500
8996001600696,susu kurma,9000
8996001351901,keju susu,18000
8999168211323,esse cafe,25600
8993470672827,saku saku,8500
8993226365676,mrico bubuk,10000
8992702005921,susu botol,3500
8997225840011,aoka,2000
8997225840035,aoka,2100
8998777144060,diapet,5500
OD160724904364472,nabati 1 karton,104000
4987176018083,inhaler,16500
8997033690372,masmelo,9000
8993175550031,bisvit kelapa,9000
8993175549196,bisvit sandwich,9000
8993175550291,nabati chocho,11000
8993175549219,bisvit biskuit,5200
8934804028415,meggi saos tiram,1800
8993189700514,lifree,6500
8993189700521,lifreexl,7500
8993189700507,lifreem,6500
8998898151404,1/2t.anak,2300
8888166330306,nisin lemonia,5500
8888166607927,malkis seaweed,5500
10089686010944,indomi goreng,99000
8998866108317,sampo hijab,5000
8992727007573,biore 170,9000
8999999559540,lifebuoy90ml,4600
8999999559533,lifebuoy 90ml,4600
8997217370311,camel 12,15000
8997217370328, 1slop  camel 12,150000
8995205301262,cici,1250
8999999520168,sikat pepsodent,2500
8998898810219,esemag,8500
8998898842210,vit c 1000,9000
910003217005,led 10 wat,9000
8999999571580,moltp 820,16000
8993417010033,oval besar,15000
8992825173422,sogi,17000
8992839300012,chocolate wafer,8000
8993137698870,wardah foom,20000
4902430429375,rejoice,20000
8999777010881,nivea rol on,13500
6922130108057,totole,6500
8993175550055,bisvit,6750
8997009230021,salisil,4500
8998866202374,posh deo,1800
8996001305355,olai misteri,10500
8998866609845,soklin liquid,1800
8991688890798,midoro besar,36000
42139447,camel pth,24300
8991389308011,nota,2250
8994148101212,bleduk medium,4500
8998866103985,sikat cip,3000
8998866613262,sukses,3600
089686043617,indomi geti,2600
8997033730023,mikaku,8500
8991389230008,buku app,4000
8991998111514,kopi gajah,9000
8993175549325,banana,18000
8993175548786,banana ,18000
4987176051356,doni,5000
8997207198871,country,21600
8998866105743,zinc,23500
8992003786659,kojima,25000
8992003786765,antangi habatussauah,34000
8992003786840,habatussaudah,3000
089686440089,gulai,5000
089686440386,rswon,5000
8997225840172,aoka,2100
8992806145417,scotch brite,2750
8998866202800,segardingin c1000,18000
8997025914059,hatari,5500
8998866202596,sabrina 450,6500
6928802500457,klip,5000
8888166609594,lemonia,9000
4902430102247,head souders 160,24000
4902430102254,ead shouders,24000
8997017791262,win bold,20600
1220060000140,implora,24000
1220050000259,implora beak,24000
1216080320023,implora kuning,25000
1212050006003,lipstik,20000
1212050004009,lipstik,20000
8998866608565,soklin rt,5200
8996001351895,superkeju,9000
8998866500463,beby hepy,1800
8998866615310,ekonomi 780,12000
18996001600181,kopicap,21000
8999908392800,telon 150,34000
8998866618281,daia,5250
8999999571870,molto rt,5000
6922130105100,totole,12500
8992727007566,biore 170 ml,9000
8998866615297,ekonomi refil,1800
8998866605809,smart 800,19500
089686923124,sarimi gelas,9000
8999999048273,sunsilk,28000
8994171101715,luwak b,11000
8999999571924,molto,5000
8990090025675,chic,12500
115155464644,tepung kriuk,3200
8991906101538,labold,27100
8999999033187,lifebuoy,27500
8994094000621,dairy star,13000
8998866602976,nuvo 250,12500
749921030733,hilo es teler,14000
8992775001820,wafer coklatos,1800
749921030719,helo teler,14000
8999168212344,nakhoda slop,111000
8999168211347,nakhoda,11100
8991906151533,la bold 20.,271000
064084000002242,vit gelas,20000
8998666003126,tora flacino,11000
8992858665017,promag,22000
8992858665000,promag,7500
8997013590043,serasa,5100
8991999111445,milk life,4100
8992761166052,fresty kecil,3500
8901526578504,garnier sampo semir,13500
8901526578511,garnier sampo semir,13500
8998866619288,soklin antisep,4600
8998866618298,daia hijab,4600
8993175549479,Amo,2000
8993175549493,Amo,2000
8993175549486,Amo,2000
8992758111737,Quen biru,4500
8992758111720,Quen hijau,9000
8999999571863,molto,5000
8999999574369,pepsodent strong,4000
8998866618144,nuvo,2650
8999999571900,molto rt,5000
8993175549844,siip net,9000
8992854875397,kertas lipat,5000
8996001524060,super bubur,2750
8998866202923,floridina,2750
8998866202930,popmi,4250
8992832191198,belagio,32000
8992832191174,belagio,32000
8992832191167,belagio,32000
8998866107464,posh,19500
8998866106474,posh,19500
8998838350010,staples kenko,8500
8999999571887,molto,5000
8998866203074,barista,12500
8993379260767,lervia,3100
8993379255565,lervia,3500
089686611601,qitela,18000
8998866679596,SOKLIN LANTAI,13500
8998866618199,nuvo,2650
089686044249,supermi nutri,3400
8993218627201,fatigon putih,6250
8993218627102,fatigon merah,8500
8993175549868,siip,9000
8993004788512,smax,9000
8997214190103,today,8000
8992832602861,casablanka,12500
8999999559564,lux cair,4600
8997220840153,kuk kus,9000
8990090990409,mirabela,4500
8999999571832,molto ,5000
8999999048198,sunsilk bt jumbo,28500
8999999033224,lifeboy jumbo,26000
8992736225401,bakwan,5500
8992745475262,nyu hena,8500
8992745475217,nyu hena,8500
749921011305,nutrisari semangka,11500
8992748195303,lim tikus,17500
8998666003119,Flavacino colada+,11000
9556156003385,cincow ,5400
8998866108980,kodomo sampo,5000
8998866203104,mie singapur,2400
8992775201435,pilus,4500
8996001300220,Marie gold,19000
8996001305331,Sandwich lemon,7000
8992772613095,plossa,11000
089686596427,lays,18000
8995899215036,bon cabe,10500
8998666003096,gilus,9000
8997878701004,pino,5000
8997878700991,pino,5000
8997878700984,pino,5500
8999999560669,rinso,5000
8998866809870,soklin lantai,13000
8997033700088,poci rt,10000
8993226567483,garam,1750
089686049053,sarimi gorengpuass,2500
8992946512629,hemat 2l,29500
8997220840061,kus kus,8500
8992772265164,antis,12500
8718699658144,philip led 4w,27000
8996001302248,Sari gandum rol,5500
8992946531897,Zen,9000
8992946531521,Zen ,3200
8992946531491,Zen,3000
8992946531538,Zen,3200
8992772665049,amunizer,5500
8998866106160,mamalemon,13500
8996001358399,wafelo,5500
8886030322907,porste,11250
8886030561948,sampo dede,2500
8886030561924,sampo ede,2500
8992304039614,garnier 100ml,25000
8992304039607,garnier 50ml,15500
8993365132535,madu tj 250,27000
089686000108,mi 3 ayam,2000
8999999556433,rinso cair metik,40000
8992832602137,casablanca,13500
4987176051349,dony,5000
8998009010620,Ultra kotak besar,17500
8998009011207,Ultra kotak besar,17500
8992741963084,yupi 10500,10500
749921011336,nutrisari,11500
8992745120476,hit besar,32000
8999999571856,molto,5000
8997220180112,swalow dunia,4250
8997220180129,swalow dos,50000
8996001305362,slae oley,4500
8995757827050,amplop tg,12000
8999909004238,Slop ultra mild,241500
8999909004221,Ultra mild,24150
8997034170200,Bagas,6000
8999909004207,Slop ultra mild 12,178500
8999909002876,ultra mild 12,17850
8998866617581,sabrina,8000
8992727007962,Jazz gel,5000
8994107500025,yosan extra,6000
8998666003072,gilus,9000
8999909003446,marlboro craft,91000
8999909003439,marlboro crafted,9150
8999999529550,clear,14250
4902430822923,dony,5000
8993560156626,deto3,3500
8992695554062,sensodent,26000
10089686010340,indomi soto,96000
8990126599101,led,9000
8996001312698,roma korean,6000
8996001314005,kelapa creem,8250
8996001358405,wafelop,5500
8999999571535,molto besar,14500
8993365170032,madu tj,10000
8991102120548,Cokies,8500
8991102771177,saluto,8500
8998866619295,soklin,5000
26992717781029,Kara dos,105000
8998009010613,ultramilk 1L,17000
8996001304020,sleolay,8200
8990800022895,alpenlible,5000
8990800023595,alpenlible,5000
8998866618700,Rapika,5500
8998866609722,nuvo,23000
8998866609739,nuvo,23000
8991688891276,kenuri pak,4000
8992772663090,amonizer,8000
8997010114105,asia panda,9000
8997030761075,tisu basah implora,4250
1212060006000,lipp crem,20000
1212040006006,lipstik creem,20000
1212040003005,lipstik creem,20000
1212040002008,lipstik creem,20000
8998866108997,kodomo rt,5000
8999999059910,pond s 20 gram,40000
8992696523586,nescafe americano,10500
8992696523548,nescafe blakcurrant,10500
8995899110188,kobe tepung ,1800
8997210380089,chocolat cookies,5500
8997210380058,chocholat,5500
8997210380065,cocholat,5500
8997210380072,chocholat,5500
8999999576813,Pepsodent Paket,22000
8991038111757,selection besar,9000
8993560025496,deto3,3500
8993560155810,detol,3500
8992727005395,merries,16000
8997014310848,buku kotak,27500
8991389301081,buku gambar,21000
18998866201848,golda 1pak,33000
8993560155780,detol kecil,3500
8997204304299,bio+,900
8997204304305,bio+,3600
8997009510017,c 1000,8000
8992775002933,gery biscuit,6000
8999999056926,pons 40g,31500
4902430553636,head n shouers,24000
8997005572194,Mazzoni,1500
8992745705680,hit piramida,2000
8992745999980,hit mat,6000
8993189270024,Charm 290 isi 20,17000
8998666003102,flafacino,11000
8999999572303,sunligh 510ml,9250
8996196226459,cloud 9,10500
8991002109001,FRESCO GULA,10000
8999908660008,My baby 75,5000
8991001007612,chocokress,10000
089686400045,pedas asyat,6500
8992745550266,proklin,3500
8998866613460,soklin lantai,900
8997025911706,hatari see hong puff,6000
8997025911058,see ong puff,6000
8997025914332,see hong puff,6000
8997025914288,atari coklat,5000
8997025914301,hatari creem,5000
8993175549523,amo mineral,2000
8997878001951,jagoan neon,5000
8997878001944,jagoan neon,5000
8998103017181,COLON BABY,19000
8998103017174,COLON BABY,18500
8997021870595,hotin cream,15500
8997239970032,saeh bawang,10000
8991999111247,milk life,2300
8991999110042,milk life,2300
8999999538422,clear,4000
8996001401194,gentle gen,18500
8996001401200,gentle gen,19500
8996001401187,gentle gen,18500
8999999579043,Rinso kcl,4600
8999999574376,closeup 65,6750
8999998020218,solasi hitam,8500
8992772198073,kiprey,5000
8991389220016,sidu,3500
8997219320093,a lanang 5 kg,55000
8992388145225,gebetan,2500
8992388145232,gebetan,2500
8993110002175,sosis otak  otak,19500
8992761145033,fanta,2650
8996001317006,better sch,21000
8996001312797,prima sandwich,9000
8996001312803,prima biskuit,9000
8993560025502,detol kec,3500
089686386127,racik nasi goreng,16000
8994171102101,white  koffe btl,4500
8993560156619,ettol,3500
8997017791132,win mild,19800
8991002345003,permen jae,5500
8992946531361,en cair 450,20000
8992946531408,zen cair 450,20000
8998866105750,zinc 170,21000
9300830022557,axe,27500
4800888141125,axe,27500
8999999045937,lifeboy besar,4000
8992745550525,mitu,8250
8996001354131,beng2,30000
8995555121220,kimbo,19500
8995555121213,kimbo,19500
4033100014666,camel putih,242000
8993137708067,wardah foom,14000
8992222073172,bb creem pixi,32000
8992304047152,garnier pink bsr,24500
8993560024154,detol besar,5400
8993560025250,detol besar,5400
8991002135017,k api gula aren,12500
8998866105989,systema,17000
8998866105996,systema nano,17000
8997013590081,Roar,14100
8992696523692,milo isi 4,10800
4987176003867,beras sawah panen,52500
8991998113419,cafino dar,18000
8997241370073,LELE tanggung,12000
8998103011578,sabun cair,10500
8888103209108,cologne,19000
8998103001029,mini bag,24500
8996001312834,malkis tabur keju,6500
8997241370110,lele renteng,24000
8992745475279,hena,8500
8995757821706,kertas kado,45000
8998866202114,sedap goreng,12500
28991188943530,1 dos sasa santan,87000
8997241370097,lele isi 4,25000
8992933647112,pop ice,10500
8998103012247,cussons talk 300,11500
8994286130006,dandang,28000
8992736925165,ayam krispi,5000
8991389304563,sidu 38,31500
8997916248843,tawon dd,30000
8998866618694,soklin rt,5000
4902430952767,downy,5000
8998866603522,soklin lantai,4800
8992696523104,milo besar isi 4,18000
8992772261098,antis,10000
8991102213189,blaster,5500
8996001600399,lemineral besar,4400
8992727007979,jas 1 jel,4500
8999999000059,ciki,9000
089686732009, lite citato,18000
8999999570378,molto tg,4600
4987176081049,ead n shouders,10000
8991906151779,1slop 76 madu ,123000
8991906101774,76 madu hitam,12400
8995102702049,tepung krispi,4700
8998866618625,soklin liquid,5000
8993175552080,nextar gandum,9000
8998866203272,sukses,3700
8997018259563,amh susu,9000
8992745120407,hit200 ml,13000
4902430110778,heade n shoulders,24000
8992696523814,dencow cair,10000
8998866109093,zinc rt,5000
896865350516,sun 120 gram,6700
8994171101371,white kopi,10750
8997213750193,roti0coy,2000
8992942153758,marsh mallow,17500
8992741972437,yupi,10500
8992761145019,cola,2650
8997011700376,padamu 320 gr,6750
089686723007,ciki twis,9000
8997033700149,poci kuning melati,6000
8997212800400,fox,5500
8998866203227,sedap goreng,2800
8996001340998,kopiko world,2000
8996001330463,kopiko box,21000
8997878700915,mil kita,20000
4987176052865,downy,5000
8992775001974,kacang rosta,9000
FFMID1002812507,harga,2750
8992727000383,biore body foom,11000
8992727007863,biore body foom,9000
8888166609365,lemonia130,5500
8888166620117,lemonia 130 gr,5500
8999168211354,change,20400
8998866618687,soklin,4600
8998866659598,s6ftener 9000,17000
8997242570175,panili,24000
8997242570038,moto seprapat,10250
8997242570182,moto tngg,13500
8997242570151,moto tg,13750
8992946518799,shinzui,12000
8997239970063,bawang b4b42,10000
8997239970049,bawang g,9500
8992726826120,jelly boy,9000
8997225840189,aoka,2000
749921011404,NUTRISARI,11500
8992727005852,attak750 ml,19000
8992727005883,attak 750 ml,18500
8996196005153,piatos besar,18000
8995102701967,mamasuka bsr,2200
8993200664900,cimori 1slop,10000
8997228810240,catenbad,2000
8998899995984,baigon,34000
4987176052780,dony,5000
8998898801118,este emje,9000
9415007050575,ang35n g663,34000
89941`71101715,luwak 165,10000
8993175552431,nextar 1000,9000
8993175553117,selimut 500,9000
8992839913137,coco ubm,6000
8718696484807,led philip 3 w,33000
8992839990251,wafer vanila,8000
8992839913014,nutty coco,5500
8997007181370,choco bitz,6000
8993500010421,cendol dawet,3250
8993500010339,blewah,3000
8998866200820,sedap cap,4700
8918010211449,kacangatom,4500
8997217370526,camel 12,13600
8996001307694,mari gool,7500
8998866618007,fres colon,11000
8992832601628,casarol on,12500
899832601666,casarolon,12000
8992832603431,casa,12000
8992727007887,biore refil,14500
8993110001444,daling,21000
8998866619066,pro guard,4300
8998866620291,K natural,3100
8998866620314,K natural,3100
8998866107631,systema,5500
8992741948869,yupi,10750
8999168211392,Esse Pop 12,15100
8993496111096,beras fortune,12500
8993175551540,nabati big roll,17500
8993175552202,nabatii,1800
8998866609449,giv cair 250ml,15000
8992745550518,mitu,16000
8997017791521,WIN Filter,20600
8992775000793,kcng rosta,9000
8997878002002,super zuper,5000
089686591231,chiki,9000
8990800023779,babol tople,19000
8998103008127,hair lotion,17000
8998866609753,nuvo,23000
8998866612937,giv,21000
8998866806015,giv,21000
153456101,sawah hijau sak,275000
1951915055,sawah hijau 5kg,58000
8991002342118,espreso,5500
8996001600375,lemineral mini,1500
8999979030281,tempat sabun,3500
8886052920389,chocolate crack,11500
8994391136184,tricks,9000
8997204304442,bio780,14000
8993007001465,enak coklat,10000
8999999572921,rinso 460,9200
8993218627218,fat,60000
8997241370011,lele botol,6750
8998866808705,royal,5000
4987176091796,vicks,11000
8990090025903,mirabela,45000
8991002114081,pikopi gula aren,10000
089686729009,maxicorm,18000
089686735017,chici net,18000
749921011350,nutrisari c1000,11500
8998898101119,este emje,1850
9415007040705,boneto,30000
8997011700390,padamu kecil,3400
8999777010973,nivea rol on,15000
8999777004552,nivea,15000
8998866107686,posh,19500
6920755521145,bolep 15 w ,13000
8990800023564,balbol,19500
8990800023861,balbol,19500
6920755521121,led 5 wat,7000
6920755521138,led 10 wat,9000
8997009530152,padimas,4500
8997009530114,padimas,4500
8993560024192,dettol,5400
8998866102612,kodomo komplit,8000
8997241370080,lele 160ml,6500
8993110002045,sosis isi 25,10000
8998866621519,giv,2650
8993176816471,eag3e,16500
8994993003662,garn5er,19500
8998838350140,staples besar,21000
8999168211330,esse punch pop,26000
8992741991346,yupi,10500
8998225800012,fortun 1 lt,15000
8992858658316,entrotop,8000
8992858658309,entrostop 1dos,15500
8994171102552,ovalccino,10000
8997021872094,fresh care,11000
8993996201648,top mild,150000
8993996201617,top mild,15000
8995077601057,sukro,9000
8997026160011,minyak 1lt,20000
8994935000179,minyak 2lt,30000
089686043648,indomi goreng,2900
8992727005357,merries,16000
8994391136207,trik,9000
8999909006607,magnum clasik,165000
8999909006591,magnum clasik,16500
8992628032155,bimoli 2lt,36000
8999908302205,bodrek ijo,2200
8992946513718,freswell,32000
8997213550144,minyak 2lt,32000
6920755521169,bolep 20 w,18000
8993118938117,shorr,10500
8999909003941,Amild Splash 12,176000
8999909003897,Amild Splash 12,162000
8999909003910,Amild Splas,17650
8999909003934,Amild Splash,17650
8996001307687,marie gol,19000
8996001328224,tamarin,6250
8997204305906,sayang sab4n,5000
8991002101913,tulus mix,9000
8991002101937,tulus mix,9000
8993083932141,biskitop,1750
8993083931908,zyluc,1800
8990800023755,a1pen juic,8000
8993110002489,sonice jumbo,29500
8997217370533,camel 1 slop,136000
8992727003858,biore 100,11000
8992736025162,pisang goreng,5500
8995102701974,krispy 210,5500
8999168211422,juara filter,19000
8999999579197,molto 1000,5000
8991002103559,1slop goday,55000
8992946531866,zen,3250
8991002337510,relaxa play,10500
8997026160349,minyak 1lt,24000
8995899214527,makroni kripi,18000
8995899216132,makroni,18000
8995899213520,makroni,18000
8995899211533,mie boncabe,2800
8994391136474,trik,9000
8993093664704,minyak 1lt,16500
18992753016485,1 karton susu coklat,145000
8994391136467,trik,9000
8993175551748,nabati besar,4750
8998866203302,krisbee,9000
8998866203319,kris bee,9000
749921011428,nutri sari kuwut,11500
8997033700415,poci hijau,28000
4987176092267,GOLFLEXI,9000
8998866613644,SOKLIN LANTAI,14000
8993560026035,dettol,21000
8993560026042,dettol,21000
8993560026073,dettol,21000
8999999568108,clear,22000
8999999537142,clear,22000
8999999573072,dave,26000
8999999573089,dave,26000
8992745140573,hit mat ,6000
8993118938124,kremes shor,11000
089686834055,fre5ss,10000
8991688891023,kenduri,11000
089686440416,rendang,3000
089686440362,soto,3000
089686440607,soto ayam,3000
8997218700025,tepung kriuk,3000
8998866614146,royal,5000
8996001321515,kis,6250
8996001321508,kis.,6250
8999090102041,sukun 2000,90000
8999090101044,sukun 2000,9100
8998866808880,soklin liquid,5000
8998866108324,mamalimon,3750
8998866805971,giv,2750
8998866805964,gif,2750
8998866608954,nuvo,2700
8998866608947,novo,3000
8998866202893,golda,2750
9556001216250,milo choco,75500
8993175550604,nabat5,11000
8997204305845,sayang,5000
8993175552455,nextar noir,9000
8992775315019,gery,4500
8997219320239,a lanamg 2*5 kg,30000
8994504102129,helolo panda,9000
8994504180011,hello panda,9000
8992933287110,POP ICE YOGURT,9750
8888166993150,walensos,8250
8888166337749,kelapa biskuit,14500
8992933411218,nutrujel,21000
8992933320213,nutrijel,21000
8992933411119,nutrijel,1800
8994133000018,betad,4000
8859350700588,betad,5000
8994391136191,trik,9000
7622201430115,6re6,21000
8999909000704,Marlboro K biru,8200
8999909006980,malboro k biru,82000
8997220180099,swaliow dunia,4250
8997220180105,swallow dunia 1dos,50000
8997239630097,adem sari btl,6300
8996001321539,kis permen,6250
8999999556136,rinso kecil,2750
8998866203326,jas jus,3250
8994834000423,jajan ciki,4500
8992946532832,zen,3250
7622201430085,oreo,21000
8998866203401,soto banjar,2900
8998866106979,protecen sikat,7250
8991102021210,sikat formula,3250
8991102021227,1dos sikat f,38000
7622201680329,bolu biskuat,20000
8995899112182,kobe premium,2200
8990019000004,mayasi,18000
8990019000011,mayasi,18000
8990019000028,mayasi,18000
10089686041702,indomi jumbo,89000
8993200666874,cimori,2600
8991904151085,1slop vip merah,118000
8991904101080,vip merah,11800
4987176078148,downy,5000
8996196005207,*piatos,18000
8997017791613,win kretek,65000
8997017791606,win kretek,7700
8993417001376,ovale 200 ml,22000
8993500010162,marimas,3250
8992950342144,krupukku,5250
8992950342120,krupukku,5250
8992727008341,nuturial ciean ,3750
8998866109116,zing 170,23500
8998899940564,kiwi coklat,15000
8999777016784,nivea rool on,15000
8995102702070,mamasuka tepung,2200
8997014450421,procis,11000
8993118937103,kremes,9000
8996001321522,kis,6000
8992727008495,lorier malam 4,3750
745114066213,yongma,1750
8998866618670,soklin,23000
8992741985642,yupi,10750
8995757804754,kiki nota,3500
8998866611640,nuvo besar,3500
8888166337992,ministik merah,12500
8992933649116,pop ice,10500
8991002133280,goday duet,12500
8992022538031,led 15 wat,13000
8992858667219,prokol,80000
8998866618229,nuvo 450,23000
661706049290,kara koko,3000
8994075260747,momogi,9000
8994075260754,momogi,9000
8994075260730,momogi,9000
8993189329586,cam  coling fres,15000
8993175552707,siip,9000
8994002150325,balap,25000
18997207190049,Ares 12,112000
8997207190042,Ares 12,11200
8997204306101,sayang bubuk 800,16500
8997204306002,sayang cair 800,19000
8998866611671,nuvo besar,3500
8993118938094,mi kremes,9000
8999999584771,molto 800,18500
8993189329654,charm,4000
089686067002,popmi duwer,5000
8992933640113,pop es,10500
8999999583101,lux hijab,4600
8992933353112,t6* es,3250
8991002125001,kapal api botol,4500
8888166842694,mone egg roll,27500
8888166338012,supero,3750
8999909003354,Mild Merah ,25700
8999999577278,molto rt k ,5000
8995077602504,tiktak,9000
8995077601361,tiktak,9000
8999999049461,rexona rol on,16000
8998866619035,royal,5000
8888103003119,colon beby,20000
8995757007681,kiki nota,3500
8997225840097,aoka bolu,2100
8997204306019,liqui sayang 1600 ml,30000
8997204306132,detergen bubuk 1800,28500
4987176064639,re165s besar,26000
8992745610892,stela,9500
8996001603437,champion energen,17500
8997204305913,deterjen syng,5000
8999999571818,molto,5250
8991906152004,la icc baru,256000
8991906102009,la icc baru,25600
8998866619004,royal,5000
8992843992111,betadin cair,35000
8997021670461,kartika,18500
8996001316030,bolu bonita,17500
8996001316054,bOLU BONITA,17500
8991002343009,bon kopi,6000
8999999580735,REXONA,16000
8993014734042,0ad4 st52,16000
18996001600372,mineral mini,37000
8991002353022,Delbi gandum,21000
876547895726,vizen halus,30000
8998898101416,tolak angin stngh,18500
8994834000454,soba,4500
8711500226044,bolep philip,12000
8992761166243,frest,3500
8991002101951,Abc susu aren,12000
8992775311684,ger5,11000
8993110002472,susu steril,6000
8993172000393,serea3,10750
1203060012009,implora eye shodow,30000
011298720013,*63*en,9500
0011298720013,polpen,9500
8997211580013,harga,2500
0749921010162,nutri sari  swet mongo,11500
0749921011343,nutri sari rujak,11500
0749921006110,nutri sari floridina,11500
0749921010339,nutri sari jeruk nipis,11500
0749921011428,nutrisari,11500
8998866203258,sedap cup grng,5000
8997878701103,pino,5500
8997878701110,pino,5500
8998866621533,giv,15000
8998866100243,kodomo,5500
8995899210185,mi bon cabe,2800
8998866106498,e0r6n,3250
8990049000180,n6ta 1*3y,2500
0089686010947,indo grng,2950
0089686010015,indo spsl,2800
0089686010046,indo bwng,2800
8995077602399,tictac merah,9000
8996001316016,bonita,17500
8991102213035,blaster,6250
8993175550116,nextar,18000
8998866108874,posh ,13500
8999909005488,samsoe tobacco,16000
8998866202404,sedap cup grng,5000
8993175553780,nextar,17500
8991389211045,buku gambar pnjg,2500
8998866203333,Top avocado,14000
8999999571894,molto,5000
8998866600101,ekonomi+,5500
8999909005495,samsu tobacco,160000
8998866804462,giv cair,3000
8998866613026,giv cair,2700
8998866608206,soklin rt pewangi,5250
8997204440560,sisir,2000
8999999585297,sunlight,8000
8997002055973,kuaci,17500
8991102987639,tengg6,5000
8991102384841,tengg6,5000
8998694111169,tini ,9000
8998694111152,tini,9000
8998694111176,tini,9000
8998694111121,tini,9000
8998694111145,tini,9000
8992832605855,be3ag56,32000
749921011138,kopi gula aren,14500
749921011374,kopi tape ketan,14500
749921011329,kopi berondong,14500
8998866618014,fres,11000
8999999571610,molto besar,16000
8996001401217,gentlee gen,8000
4987176133885,rejoice,10000
8992730002695,pop chocho,21000
8992946533471,minyak kita,14000
8992696427532,nescafe 3in,12500
8992832605282,casablangka,24000
8995201800042,Couterpain cool,25000
8995201800028,Counterpain 30g,40000
8993379260095,lervia,3500
8996001312926,malkis pangganh,17500
8888166341593,walens bluberi,8000
8998866623766,Soklin Jumbo,5000
8990019000073,kenji snack,9000
18997207190131,ares,111000
8997207190134,ares,11500
8992946533242,zen,3250
8992946533082,zen,3250
089686723069,chitos,18000
8997222130016,lemonilo,4750
8992022538024,bolep,9000
8991688891344,mi doromas,6500
8991102026048,sikat formula,36000
8991102026031,sikat formula,3000
8997239380091,kansas,7100
8993200664061,cimori,10000
8994796291679,Aroma Mile,150000
8994796291648,Aroma Mile ,15000
8992022538017,bolep,7000
749921011558,nutri sari asem,11500
8998009011740,ultra kkaramel,4250
8999909009950,marlboro kretek biru,8200
8999909009967,marlboro kretk biru slop,82000
8998866621571,GIV SABUN,2650
8998866107389,poise pelembab,12500
8998866611633,nuvo besar.,3500
089686386295,racik tempe,19000
089686380446,bumbu kaldu,19000
8992826122320,minyak kita,13500
8999999526887,rinso 770,21000
1212150605007,lipstik,22000
8992741943741,yupi,10750
749921030955,hilo pisang ijo,16000
18991002105581,1 dos kapalapi mini ,95000
8996001600665,cooltime,3500
8993188112158,ripella,5000
8997010520418,teh eco,20000
8997238720010,mierah kretek,6800
8997238720164,mietrah filter,13300
8997238720126,mierah,20500
8994075440064,momogi rt,9000
7622210437686,biskuat coklat,9000
8998866203579,sedap korea,2900
24500177,aqua mini,37500
8992761002046,fanta,4100
8998866608183,s6ftener,5000
8993175553759,nextar,21500
8990333822856,chocopie,21000
8998866608329,ekonomi,5500
8997021670249,sirup kartika kecil,12500
8888166842687,egg roll,27500
8997011700321,padamu merah,6500
8999999585433,superpel kecil,1800
8999999571825,molto,5250
8992933131116,anget sari,11500
8994834000430,jajan mi,4500
8992950342137,krupuk udang,5250
8997204306453,bio,1800
089686044270,supermi,3500
8999999587727,rinso,4500
8992696525054,dancow,34000
749921011565,anggur hju,11500
8991002133327,goday duet,12500
8993560033675,vanish ,1250
8997011700338,padamu kuning,3500
8992803658187,plasenta,19000
8992803993936,plasenta,19000
8992803993738,plasenta,19000
